"ASN","abuser_score","abuser_rank","active","type","Entity"
"174","0.0001","Very Low","True","isp","Cogent Communications"
"984","0.0001","Very Low","True","hosting","OCTOPUS WEB SOLUTION INC"
"1442","0","Very Low","True","hosting","SureHosting Internet Solutions, Inc."
"2611","0","Very Low","True","education","BELNET"
"2614","0.0001","Very Low","True","education","Agentia de Administrare a Retelei Nationale de Informatica pentru Educatie si Cercetare"
"2635","0.0001","Very Low","True","business","Automattic, Inc"
"2639","0.0001","Very Low","True","business","ZOHO"
"3216","0.0003","Very Low","True","isp","PJSC Vimpelcom"
"3223","0.0006","Low","True","hosting","Voxility LLP"
"3462","0.0013","Low","True","isp","Chunghwa Telecom Co., Ltd."
"3561","0","Very Low","True","isp","CenturyLink Communications, LLC"
"3598","0","Very Low","True","hosting","Microsoft Corporation"
"3700","0","Very Low","True","isp","Cloud 9 Internet, Inc."
"3791","0","Very Low","True","business","Ascension Technologies"
"3816","0.0001","Very Low","True","isp","COLOMBIA TELECOMUNICACIONES S.A. ESP BIC"
"3842","0.0007","Low","True","hosting","InMotion Hosting, Inc."
"4134","0.0009","Low","True","isp","CHINANET BACKBONE"
"4621","0.0003","Very Low","True","education","Office of Info.Tech. Admin. for Educational Development"
"4694","0","Very Low","True","hosting","IDC Frontier Inc."
"4760","0.0006","Low","True","isp","PCCW IMS Limited"
"4766","0.0004","Very Low","True","isp","KIXS AS KR"
"4785","0.0021","Low","True","hosting","xTom Limited"
"4808","0.0002","Very Low","True","isp","China Unicom Beijing Province Network"
"4811","0.0003","Very Low","True","isp","China Telecom (Group)"
"4812","0.0002","Very Low","True","isp","China Telecom (Group)"
"4847","0.0002","Very Low","True","isp","China Networks Inter-Exchange"
"4851","0","Very Low","True","hosting","HOST NETWORKS"
"5541","0","Very Low","True","business","INVITE Systems SRL"
"5577","0","Very Low","True","hosting","root SA"
"5602","0.0002","Very Low","True","isp","Retelit Digital Services S.p.A."
"5617","0.0001","Very Low","True","isp","Orange Polska Spolka Akcyjna"
"5755","0","Very Low","True","business","SIAM"
"6057","0.0002","Very Low","True","isp","Administracion Nacional de Telecomunicaciones"
"6315","0.0002","Very Low","True","","XMission, L.C."
"6364","0.0003","Very Low","True","hosting","Atlantic.net, Inc."
"6400","0.0003","Very Low","True","isp","Compañía Dominicana de Teléfonos S. A."
"6428","0","Very Low","True","business","CDM"
"6696","0.0001","Very Low","True","isp","VERIXI SA"
"6697","0.0003","Very Low","True","isp","Republican Unitary Telecommunication Enterprise Beltelecom"
"6718","0.0025","Low","True","isp","NAV COMMUNICATIONS SRL"
"6724","0.0007","Low","True","hosting","Strato GmbH"
"6729","0","Very Low","True","hosting","DEMENIN B.V."
"6870","0.002","Low","True","isp","RECONN LLC"
"6939","0.0012","Low","True","isp","Hurricane Electric LLC"
"7162","0.0001","Very Low","True","business","Universo Online S.A."
"7203","0.0005","Very Low","True","hosting","Leaseweb USA, Inc."
"7296","0","Very Low","True","hosting","Dynascale Technologies, Inc."
"7349","0","Very Low","True","hosting","TierPoint, LLC"
"7393","0","Very Low","True","hosting","CYBERCON, INC."
"7489","0.0007","Low","True","hosting","HostUS"
"7497","0.0001","Very Low","True","government","CNIC-CAS"
"7506","0.0009","Low","True","hosting","GMO Internet Group, Inc."
"7540","0.0002","Very Low","True","isp","IXTech Limited"
"7552","0.0003","Very Low","True","isp","VIETEL AS AP"
"7595","0.0003","Very Low","True","hosting","Readyspace Network Pte Ltd"
"7642","0.0003","Very Low","True","isp","Dhiraagu Pvt.Ltd."
"7684","0.0003","Very Low","True","hosting","SAKURA Internet Inc."
"7713","0.0007","Low","True","isp","Telekomunikasi Indonesia (PT)"
"7883","0.0005","Very Low","True","business","Fleettel INC."
"7979","0.0002","Very Low","True","hosting","Servers.com, Inc."
"8048","0.0029","Low","True","isp","CANTV Servicios, Venezuela"
"8095","0","Very Low","True","business","LightStack Global LLC"
"8151","0.0009","Low","True","isp","UNINET"
"8219","0.002","Low","True","business","Inna Grigorevna Khoruzhaya"
"8280","0.0005","Very Low","True","isp","SYNAPSECOM S.A. Provider of Telecommunications and Internet Services"
"8304","0","Very Low","True","hosting","Ecritel SASU"
"8315","0.0001","Very Low","True","business","Accenture B. V."
"8342","0.0008","Low","True","isp","JSC RTComm.RU"
"8359","0.0013","Low","True","isp","MTS PJSC"
"8368","0.0001","Very Low","True","isp","Destiny N.V"
"8400","0.0003","Very Low","True","isp","TELEKOM SRBIJA a.d."
"8455","0.0002","Very Low","True","isp","atom86 BV"
"8473","0.0006","Low","True","isp","Bahnhof AB"
"8477","0.0002","Very Low","True","business","Echostar Studio Sp. z o.o."
"8560","0.002","Low","True","hosting","IONOS SE"
"8622","0","Very Low","True","hosting","TEAM BLUE INTERNET SERVICES UK LIMITED"
"8697","0.0004","Very Low","True","isp","Jordan Telecommunications PSC"
"8708","0.0002","Very Low","True","isp","DIGI ROMANIA S.A."
"8764","0.0001","Very Low","True","isp","Telia Lietuva, AB"
"8903","0.0001","Very Low","True","isp","LYNTIA NETWORKS S.A."
"8972","0.0003","Very Low","True","hosting","Host Europe GmbH"
"9009","0.0024","Low","True","isp","M247 Europe SRL"
"9038","0.0005","Very Low","True","isp","Batelco Jordan"
"9115","0.0003","Very Low","True","hosting","Internet Names for Business Inc"
"9121","0.0003","Very Low","True","isp","Turk Telekomunikasyon Anonim Sirketi"
"9123","0.0022","Low","True","business","JSC TIMEWEB"
"9166","0","Very Low","True","business","Cegeka NV"
"9198","0.0002","Very Low","True","isp","JSC Kazakhtelecom"
"9260","0.0016","Low","True","isp","Multinet Broadband"
"9290","0.0002","Very Low","True","hosting","GoHosting"
"9299","0.0003","Very Low","True","isp","Philippine Long Distance Telephone Co."
"9308","0","Very Low","True","business","Abitcool(China) Inc."
"9329","0.0008","Low","True","isp","Sri Lanka Telecom Ltd"
"9370","0.0003","Very Low","True","hosting","SAKURA Internet Inc."
"9371","0.0002","Very Low","True","hosting","SAKURA Internet Inc."
"9597","0","Very Low","True","hosting","KDDI Web Communications Inc."
"9667","0","Very Low","True","isp","5G NETWORK OPERATIONS PTY LTD"
"9683","0","Very Low","True","government","SFMC AS KR"
"9802","0","Very Low","True","business","Abitcool(China) Inc."
"9808","0.0001","Very Low","True","isp","China Mobile"
"9823","0","Very Low","True","business","Pearson Australia Group Pty Ltd"
"9829","0.0171","Elevated","True","isp","Bharat Sanchar Nigam Ltd"
"9873","0.0068","Low","True","isp","Lao Telecommunication Public Company"
"9891","0.0009","Low","True","isp","CS Loxinfo Public Company Limited"
"9925","0","Very Low","True","hosting","VDC Powerbase Hong Kong Data Centers Limited"
"10122","0","Very Low","True","hosting","NETSTAR (SG) PTE. LTD."
"10123","0","Very Low","True","business","Flytxt Mobile Solutions Pvt Ltd"
"10200","0","Very Low","True","business","The Digital Lab 2007 Limited"
"10207","0","Very Low","True","hosting","Intervolve Pty Ltd"
"10219","0.0011","Low","True","isp","Skymedia Corporation"
"10297","0.0001","Very Low","True","hosting","eNET Inc."
"10439","0.0016","Low","True","hosting","CariNet, Inc."
"10704","0.0001","Very Low","True","isp","ML Telecom"
"10737","0","Very Low","True","isp","CellularONE"
"10908","0","Very Low","True","hosting","CloudfloorDNS"
"10929","0.0001","Very Low","True","hosting","eStruxture Data Centers Inc."
"10963","0","Very Low","True","business","PROTERRA, Inc."
"11029","0","Very Low","True","business","NetVata, LLC"
"11114","0.0001","Very Low","True","isp","Wintek Corporation"
"11230","0","Very Low","True","hosting","Managed Hosting Services, LLC"
"11235","0","Very Low","True","business","Itron-Hosting"
"11572","0.0016","Low","True","hosting","PhoenixNAP LLC"
"11831","0.0006","Low","True","hosting","eSecureData"
"11849","0","Very Low","True","business","Camplink"
"11878","0.0021","Low","True","hosting","tzulo, inc."
"12182","0.0001","Very Low","True","isp","Unitas Global"
"12189","0","Very Low","True","hosting","PhoenixNAP LLC"
"12200","0","Very Low","True","hosting","Rackspace Hosting"
"12301","0.0002","Very Low","True","isp","Invitech ICT Services Kft."
"12337","0.0001","Very Low","True","hosting","noris network AG"
"12364","0.0003","Very Low","True","education","University of Macedonia, Economic and Social Sciences"
"12389","0.0004","Very Low","True","isp","PJSC Rostelecom"
"12555","0.0008","Low","True","hosting","Data-center IMAQLIQ Ltd."
"12586","0.0002","Very Low","True","hosting","GHOSTnet GmbH"
"12637","0.0001","Very Low","True","hosting","SEEWEB s.r.l."
"12679","0","Very Low","True","business","Sokolov Dmitry Nikolaevich"
"12714","0.0002","Very Low","True","isp","PJSC MegaFon"
"12735","0.0016","Low","True","isp","TurkNet Iletisim Hizmetleri A.S."
"12824","0.0001","Very Low","True","hosting","home.pl S.A."
"12859","0.0001","Very Low","True","hosting","BIT BV"
"12876","0.0029","Low","True","isp","SCALEWAY S.A.S."
"12963","0.0007","Low","True","isp","SCIENTIFIC-INDUSTRIAL FIRM VOLZ LIMITED LIABILITY COMPANY"
"12975","0.0002","Very Low","True","isp","Palestine Telecommunications Company (PALTEL)"
"12989","0.0044","Low","True","hosting","Black HOST Ltd"
"13194","0.0002","Very Low","True","isp","UAB Bite Lietuva"
"13209","0.001","Low","True","hosting","Atom Hosting SRL"
"13213","0.0014","Low","True","hosting","UK-2 Limited"
"13332","0.0149","Elevated","True","business","Hype Enterprises"
"13335","0.0104","Elevated","True","hosting","Cloudflare, Inc."
"13354","0.0001","Very Low","True","hosting","zColo"
"13389","0","Very Low","True","business","AZUKI, LLC"
"13414","0.0001","Very Low","True","business","Twitter Inc."
"13445","0.0009","Low","True","business","Cisco Webex LLC"
"13489","0.0002","Very Low","True","isp","UNE EPM TELECOMUNICACIONES S.A."
"13649","0","Very Low","True","hosting","Flexential Colorado Corp."
"13737","0.0027","Low","True","business","INCX Global, LLC"
"13739","0.0002","Very Low","True","hosting","Datacenter IP, LLC"
"13798","0","Very Low","True","business","L'Oreal USA"
"13886","0.0012","Low","True","business","Sipbound Corporation"
"13909","0","Very Low","True","","Techie Hosting, Inc."
"13916","0.0004","Very Low","True","business","Proofpoint, Inc."
"13926","0.0098","Elevated","True","business","Strong Technology, LLC."
"13955","0","Very Low","True","business","Echostar Broadcasting Corporation"
"13999","0.0018","Low","True","isp","Mega Cable, S.A. de C.V."
"14061","0.0202","Elevated","True","hosting","DigitalOcean, LLC"
"14080","0.0004","Very Low","True","isp","Telmex Colombia S.A."
"14116","0.0005","Very Low","True","hosting","Internet Names For Business Inc."
"14120","0","Very Low","True","business","oneZero Financial Systems, LLC"
"14127","0","Very Low","True","hosting","Iland Internet Solutions Corporation"
"14135","0","Very Low","True","hosting","Navisite Opco LLC"
"14160","0","Very Low","True","hosting","Premium Hosting, Inc."
"14230","0","Very Low","True","hosting","Involta"
"14244","0","Very Low","True","hosting","NSI Hosting"
"14361","0","Very Low","True","hosting","HopOne Internet Corporation"
"14384","0","Very Low","True","hosting","HOST DESIGNS, LLC"
"14415","0","Very Low","True","","Host Collective, Inc."
"14567","0","Very Low","True","hosting","Springs Hosting"
"14576","0.0038","Low","True","hosting","Hosting Solution Ltd."
"14670","0.0029","Low","True","hosting","WHG Hosting Services Ltd"
"14708","0.0002","Very Low","True","hosting","WebHost Chile S.A."
"14754","0.0001","Very Low","True","isp","TELECOMUNICACIONES DE GUATEMALA, SOCIEDAD ANONIMA"
"14770","0","Very Low","True","business","Reynolds Media Inc."
"14782","0.0001","Very Low","True","business","MailChimp"
"14987","0.0586","High","True","hosting","Rethem Hosting LLC"
"14992","0","Very Low","True","business","NewtekOne, Inc."
"15083","0.0003","Very Low","True","hosting","Infolink Global Corporation"
"15133","0.0001","Very Low","True","hosting","Edgecast Inc."
"15149","0.0001","Very Low","True","hosting","Core Technology Services, Inc."
"15395","0","Very Low","True","hosting","Rackspace Ltd."
"15456","0.0001","Very Low","True","hosting","InterNetX GmbH"
"15497","0.0002","Very Low","True","hosting","1 Cloud Lab s.r.o."
"15510","0.0002","Very Low","True","hosting","Compuweb Communications Services Limited"
"15582","0.0004","Very Low","True","isp","JSC Comcor"
"15598","0","Very Low","True","hosting","NorthC Deutschland GmbH"
"15626","0.0014","Low","True","hosting","GREEN FLOID LLC"
"15685","0.0002","Very Low","True","hosting","CASABLANCA INT a.s."
"15694","0","Very Low","True","hosting","Atman Sp. z o.o."
"15703","0","Very Low","True","hosting","TrueFullstaq B.V."
"15817","0.0001","Very Low","True","hosting","Robert Meyer trading as Mittwald CM Service GmbH & Co. KG"
"15830","0","Very Low","True","hosting","Equinix (EMEA) Acquisition Enterprises B.V."
"15879","0","Very Low","True","hosting","Vancis IP B.V."
"15895","0.0013","Low","True","isp","Kyivstar PJSC"
"15919","0.0001","Very Low","True","hosting","Servicios de Hosting en Internet S.A."
"15967","0.0006","Low","True","hosting","Nazwa.pl Sp.z.o.o."
"16125","0.0035","Low","True","hosting","UAB Cherry Servers"
"16262","0.001","Low","True","hosting","Datacheap LLC"
"16276","0.0021","Low","True","hosting","OVH SAS"
"16284","0.0005","Very Low","True","isp","Inq. Digital Nigeria"
"16312","0","Very Low","True","hosting","Internet Vikings International AB"
"16347","0.0001","Very Low","True","hosting","ADISTA SAS"
"16371","0","Very Low","True","hosting","acens Technologies, S.L."
"16397","0","Very Low","True","hosting","EQUINIX BRASIL"
"16550","0","Very Low","True","hosting","Google LLC"
"16625","0","Very Low","True","hosting","Akamai Technologies, Inc."
"16628","0.002","Low","True","isp","DedFiberCo"
"16973","0.0001","Very Low","True","isp","T-Four Services S.A"
"17018","0","Very Low","True","hosting","Quality Technology Services, LLC"
"17054","0","Very Low","True","hosting","Expedient"
"17069","0.0014","Low","True","isp","Coop Telefonica Villa Gesell Ltda"
"17139","0.0002","Very Low","True","hosting","Corporate Colocation Inc."
"17216","0.0002","Very Low","True","","DC74-AS - DC74 LLC, US"
"17408","0.0001","Very Low","True","isp","AboveNet Communications Taiwan Co., Ltd"
"17439","0.0001","Very Low","True","isp","NTTCINS"
"17440","0.0007","Low","True","isp","PT Sinar Alam Abadi"
"17444","0.0002","Very Low","True","isp","HKBN Enterprise Solutions Limited"
"17451","0.0042","Low","True","isp","BIZNET NETWORKS"
"17465","0.0012","Low","True","isp","Asianet Satellite Communications Pvt Ltd"
"17470","0.0008","Low","True","isp","Hutchison Telecommunications Lanka (Private) Limited"
"17488","0.002","Low","True","isp","HATHWAY CABLE AND DATACOM LIMITED"
"17501","0.0023","Low","True","isp","WorldLink Communications"
"17552","0.0007","Low","True","isp","TRUE INTERNET CORPORATION CO. LTD."
"17621","0.0009","Low","True","isp","China Unicom Shanghai network"
"17623","0.0005","Very Low","True","isp","China Unicom Shenzen network"
"17625","0.0013","Low","True","isp","Blazenet Pvt Ltd"
"17665","0.0097","Elevated","True","isp","ONEOTT INTERTAINMENT LIMITED"
"17683","0.0001","Very Low","True","isp","Wingtechnology Communications, Inc."
"17747","0.0058","Low","True","isp","SITI NETWORKS LIMITED"
"17754","0.0017","Low","True","isp","Excell Media Pvt Ltd"
"17809","0.0006","Low","True","isp","VEE TIME CORP."
"17813","0.0017","Low","True","isp","Mahanagar Telephone Nigam Limited"
"17816","0.0006","Low","True","isp","China Unicom IP network China169 Guangdong province"
"17819","0.0001","Very Low","True","hosting","Equinix Asia Pacific Pte Ltd"
"17881","0.0002","Very Low","True","hosting","Inet Hosting, Inc."
"17882","0.0035","Low","True","isp","MCS Com Co Ltd"
"17917","0.0015","Low","True","isp","Quadrant Televentures Limited"
"17918","0","Very Low","True","hosting","AUSTRALIAN CENTRE FOR ADVANCED COMPUTING AND COMMUNICATION PTY LTD"
"17971","0.0005","Very Low","True","isp","TM TECHNOLOGY SERVICES SDN BHD"
"17996","0.0004","Very Low","True","isp","PT Global Prima Utama"
"18001","0.0002","Very Low","True","isp","Dialog Axiata Plc"
"18013","0.0004","Very Low","True","isp","ASLINE LIMITED"
"18025","0.002","Low","True","isp","Bhutan Telecom Ltd"
"18187","0.0013","Low","True","isp","WifiCity, Inc"
"18207","0.0012","Low","True","isp","YOU Broadband & Cable India Ltd."
"18209","0.0047","Low","True","isp","Atria Convergence Technologies Pvt. Ltd.,"
"18229","0.0011","Low","True","hosting","Pioneer Elabs Ltd."
"18403","0.0011","Low","True","isp","FPT AS AP"
"18450","0.0002","Very Low","True","","WEBNX - WebNX, Inc., US"
"18501","0.0002","Very Low","True","hosting","CyberCloud Professionals LLC"
"18734","0.0008","Low","True","isp","Operbes, S.A. de C.V."
"18779","0.0006","Low","True","hosting","EGIHosting"
"18978","0.0002","Very Low","True","hosting","Enzu Inc"
"18984","0.002","Low","True","business","Moboware Inc."
"19084","0.0011","Low","True","","COLOUP - ColoUp, US"
"19133","0","Very Low","True","","Bird Hosting Inc."
"19148","0.0025","Low","True","hosting","Leaseweb USA, Inc."
"19237","0.0001","Very Low","True","hosting","Omnis Network, LLC"
"19318","0.0028","Low","True","hosting","Interserver, Inc"
"19429","0.0001","Very Low","True","isp","ETB - Colombia"
"19437","0.0003","Very Low","True","hosting","SECURED SERVERS LLC"
"19527","0.0002","Very Low","True","hosting","Google LLC"
"19531","0.0001","Very Low","True","hosting","Nodes Direct"
"19551","0","Very Low","True","hosting","Incapsula Inc"
"19624","0.0039","Low","True","hosting","Data Room, Inc"
"19679","0","Very Low","True","hosting","Dropbox, Inc."
"19844","0","Very Low","True","business","SBA Edge, LLC"
"19871","0.0021","Low","True","hosting","Network Solutions, LLC"
"19893","0","Very Low","True","hosting","NTT Global Data Centers Americas, INC."
"19969","0.0003","Very Low","True","hosting","CyberCloud Professionals LLC"
"19994","0.0001","Very Low","True","hosting","Rackspace Hosting"
"20021","0","Very Low","True","hosting","Ntirety, Inc."
"20068","0.0012","Low","True","hosting","Hawk Host Inc."
"20248","0","Very Low","True","hosting","Take 2 Hosting, Inc."
"20264","0.0002","Very Low","True","hosting","Webair Internet Development Company Inc."
"20278","0.0004","Very Low","True","hosting","Nexeon Technologies, Inc."
"20448","0","Very Low","True","isp","Peace Communications LLC"
"20450","0","Very Low","True","hosting","Trojan Hosting, LLC."
"20454","0.0002","Very Low","True","hosting","SECURED SERVERS LLC"
"20473","0.0014","Low","True","hosting","The Constant Company, LLC"
"20495","0","Very Low","True","hosting","We Dare B.V."
"20598","0.0002","Very Low","True","isp","CYBERSPACE AS"
"20714","0.0005","Very Low","True","isp","Merlin-Telekom LLC"
"20738","0.0002","Very Low","True","hosting","Heart Internet limited"
"20773","0","Very Low","True","hosting","Host Europe GmbH"
"20836","0.0001","Very Low","True","isp","CDLAN SpA"
"20857","0.0004","Very Low","True","isp","Signet B.V."
"20860","0.0003","Very Low","True","hosting","IOMART CLOUD SERVICES LIMITED"
"21003","0.0002","Very Low","True","isp","General Post and Telecommunication Company (GPTC)"
"21100","0.0022","Low","True","hosting","GREEN FLOID LLC"
"21217","0.0001","Very Low","True","business","Infrastructure Switzerland Colo Sarl"
"21351","0.0002","Very Low","True","isp","Canal + Telecom SAS"
"21391","0.0002","Very Low","True","government","Algerian Broadcasting (Tele Diffusion d'Algerie TDA)"
"21501","0.0013","Low","True","hosting","Host Europe GmbH"
"21624","0.0006","Low","True","hosting","Wisconsin CyberLynk Network, Inc."
"21769","0.0009","Low","True","hosting","Colocation America Corporation"
"21777","0.0001","Very Low","True","isp","Massive Networks"
"21859","0.001","Low","True","hosting","Zenlayer Inc"
"21887","0.0004","Very Low","True","isp","Fiber Logic Inc."
"22363","0.0012","Low","True","business","Powerhouse Management, Inc."
"22418","0.0001","Very Low","True","hosting","Cologuard"
"22427","0.0002","Very Low","True","isp","GNET INC."
"22552","0.0001","Very Low","True","","ESITED - eSited Solutions, US"
"22611","0.0006","Low","True","hosting","InMotion Hosting, Inc."
"22612","0.0042","Low","True","hosting","Namecheap, Inc."
"22653","0.0001","Very Low","True","hosting","Cyber Wurx LLC"
"22781","0.0025","Low","True","business","Strong Technology, LLC."
"22903","0","Very Low","True","hosting","Databank Holdings, Ltd"
"23033","0.0004","Very Low","True","hosting","Wowrack.com"
"23273","0.0006","Low","True","hosting","HostPapa"
"23342","0","Very Low","True","hosting","Unitedlayer, Inc."
"23352","0.0001","Very Low","True","hosting","DEFT.COM"
"23535","0.0002","Very Low","True","hosting","HostRocket.com, Inc."
"23576","0","Very Low","True","hosting","NAVER Cloud Corp."
"23724","0.0001","Very Low","True","isp","IDC, China Telecommunications Corporation"
"23860","0.0024","Low","True","isp","Alliance Broadband Services Pvt. Ltd."
"23881","0.0001","Very Low","True","hosting","UDomain Web Hosting Company Limited"
"23884","0.0002","Very Low","True","hosting","Proen Corp Public Company Limited"
"23951","0.0003","Very Low","True","isp","PT JEMBATAN CITRA NUSANTARA"
"23969","0.0012","Low","True","isp","TOT Public Company Limited"
"24186","0.0074","Low","True","isp","RailTel Corporation of India Ltd."
"24282","0.0004","Very Low","True","hosting","KAGOYA JAPAN Inc."
"24309","0.0038","Low","True","isp","Atria Convergence Technologies Pvt. Ltd.,"
"24373","0.0006","Low","True","hosting","ADC GROUP CO.,LIMITED"
"24378","0.0001","Very Low","True","isp","Total Access Communication PLC."
"24381","0","Very Low","True","isp","Infininet Global Pty Ltd"
"24429","0.0004","Very Low","True","business","Zhejiang Taobao Network Co.,Ltd"
"24446","0.0001","Very Low","True","isp","5G NETWORK OPERATIONS PTY LTD"
"24482","0.0001","Very Low","True","hosting","SG.GS"
"24554","0.0005","Very Low","True","isp","Microscan Internet Limited"
"24558","0","Very Low","True","business","Aditya Birla Management Corporation Limited"
"24560","0.0015","Low","True","isp","Bharti Airtel Limited"
"24572","0","Very Low","True","business","Yahoo Japan"
"24611","0","Very Low","True","hosting","Datacenter Luxembourg S.A."
"24679","0.0001","Very Low","True","hosting","kyberio GmbH"
"24725","0","Very Low","True","business","LLC Hostmaster"
"24768","0.0004","Very Low","True","hosting","ALMOUROLTEC SERVICOS DE INFORMATICA E INTERNET LDA"
"24875","0.0004","Very Low","True","hosting","NovoServe B.V."
"24940","0.0019","Low","True","hosting","Hetzner Online GmbH"
"24958","0","Very Low","True","hosting","CYBERFORT LIMITED"
"24961","0.0019","Low","True","hosting","WIIT AG"
"24971","0.0004","Very Low","True","hosting","Master Internet s.r.o."
"24997","0.0003","Very Low","True","isp","Caucasus Digital Network LTD"
"25048","0","Very Low","True","hosting","DSNET Ltd"
"25108","0.0005","Very Low","True","hosting","IOMART MANAGED SERVICES LIMITED"
"25163","0.0012","Low","True","isp","21st Century Technologies Limited"
"25260","0","Very Low","True","hosting","QualityHosting AG"
"25335","0","Very Low","True","hosting","NEXT GLOBAL SERVICES L.P."
"25369","0.0026","Low","True","hosting","Hydra Communications Ltd"
"25379","0","Very Low","True","isp","PEKITEL Ltd."
"25459","0.0002","Very Low","True","hosting","Eurofiber Cloud Infra B.V."
"25486","0.0003","Very Low","True","hosting","AirAccess GmbH trading as Lightup Network Solutions GmbH & Co. KG"
"25504","0.0004","Very Low","True","hosting","Vautron Rechenzentrum AG"
"25521","0.0012","Low","True","isp","Industrial Media Network LLC"
"25532","0.0011","Low","True","hosting","LLC MASTERHOST"
"25642","0","Very Low","True","hosting","The Frohman Group Inc."
"25653","0","Very Low","True","","FORTRESSITX - FortressITX, US"
"25780","0.004","Low","True","hosting","HugeServer Networks, LLC"
"25820","0.0018","Low","True","isp","IT7 Networks Inc"
"26042","0.0037","Low","True","isp","FiberState, LLC"
"26101","0","Very Low","True","isp","Oath Holdings Inc."
"26272","0","Very Low","True","business","AM Data Service, Inc."
"26277","0.0022","Low","True","hosting","ServerPoint.com"
"26337","0.0007","Low","True","hosting","Oso Grande IP Services, LLC"
"26347","0.001","Low","True","hosting","New Dream Network, LLC"
"26481","0.0002","Very Low","True","hosting","Rebel Hosting"
"26496","0.0004","Very Low","True","hosting","GoDaddy.com, LLC"
"26658","0.0002","Very Low","True","business","HT"
"26753","0","Very Low","True","hosting","In2net Network Inc."
"26930","0.0015","Low","True","hosting","PureVoltage Hosting Inc."
"26978","0","Very Low","True","hosting","Quality Technology Services, LLC"
"27175","0","Very Low","True","hosting","AtNetHost LLC"
"27176","0.0026","Low","True","hosting","DataWagon LLC"
"27223","0","Very Low","True","hosting","Bare Metal Hosting"
"27229","0","Very Low","True","hosting","Webhosting.Net, Inc."
"27257","0.0001","Very Low","True","hosting","Webair Internet Development Company Inc."
"27310","0","Very Low","True","hosting","180Servers.com"
"27357","0","Very Low","True","hosting","Rackspace Hosting"
"27411","0.0015","Low","True","hosting","Leaseweb USA, Inc."
"27589","0.0001","Very Low","True","hosting","MOJOHOST"
"27597","0.0001","Very Low","True","hosting","Siteserver, Inc."
"27640","0.0023","Low","True","hosting","GIGAS HOSTING USA, LLC"
"27647","0.1201","High","True","business","Weebly, Inc."
"27715","0.0002","Very Low","True","hosting","Locaweb Serviços de Internet S/A"
"27775","0.0001","Very Low","True","isp","Telecommunicationcompany Suriname - TeleSur"
"27831","0.0001","Very Low","True","isp","Colombia Móvil"
"27947","0.0004","Very Low","True","isp","Telconet S.A"
"28099","0.0013","Low","True","hosting","iHosting Servicios Internet Ltda."
"28110","0.0012","Low","True","hosting","NAVEGALO S.A."
"28118","0","Very Low","True","isp","ALTICE DOMINICANA S.A."
"28216","0","Very Low","True","hosting","Host One Servicos de Internet Ltda"
"28299","0","Very Low","True","hosting","CYBERWEB NETWORKS LTDA"
"28333","0.0001","Very Low","True","business","Local Datacenter Soluções em Comunicação Ltda."
"28548","0.0182","Elevated","True","isp","Cablevisión, S.A. de C.V."
"28573","0.0002","Very Low","True","isp","Claro NXT Telecomunicacoes Ltda"
"28639","0.0001","Very Low","True","isp","LocalNet Network"
"28666","0.0004","Very Low","True","hosting","HOSTLOCATION LTDA"
"28747","0","Very Low","True","hosting","Easyhost BVBA"
"28753","0.0013","Low","True","hosting","Leaseweb Deutschland GmbH"
"28855","0.0005","Very Low","True","hosting","Octopuce s.a.r.l."
"28907","0.0003","Very Low","True","hosting","Internet Invest, Ltd."
"28994","0.0009","Low","True","isp","Sitel Ltd"
"28997","0","Very Low","True","business","Micros B.V."
"29017","0.0001","Very Low","True","hosting","NTT Global Data Centers EMEA UK Ltd."
"29045","0","Very Low","True","business","IT Action Limited"
"29066","0.001","Low","True","hosting","velia.net Internetdienste GmbH"
"29067","0.0006","Low","True","business","LLC Hostmaster"
"29097","0","Very Low","True","hosting","Hostpoint AG"
"29119","0.0003","Very Low","True","isp","AIRE NETWORKS DEL MEDITERRANEO SL UNIPERSONAL"
"29124","0.0005","Very Low","True","isp","Iskratelecom JSC"
"29134","0.0005","Very Low","True","hosting","Webglobe, s.r.o."
"29140","0","Very Low","True","hosting","Hostserver GmbH"
"29169","0.0003","Very Low","True","hosting","GANDI SAS"
"29182","0.0026","Low","True","isp","JSC IOT"
"29222","0.0006","Low","True","hosting","Infomaniak Network SA"
"29262","0.0336","High","True","hosting","Ideal Hosting Teknoloji A.S."
"29278","0.0004","Very Low","True","hosting","Rackhost Zrt."
"29302","0.0044","Low","True","hosting","Hosting Services Inc"
"29311","0","Very Low","True","hosting","Solvinity B.V."
"29331","0","Very Low","True","business","Forsikringens Datacenter A/S"
"29452","0","Very Low","True","hosting","Secura Hosting Ltd"
"29465","0.0014","Low","True","isp","MTN NIGERIA Communication limited"
"29522","0","Very Low","True","hosting","Cyber_Folks S.A."
"29550","0.0004","Very Low","True","hosting","Team Blue Carrier Limited"
"29686","0","Very Low","True","hosting","Jonas Frey trading as Probe Networks"
"29691","0.0003","Very Low","True","hosting","Nine Internet Solutions AG"
"29713","0.0007","Low","True","hosting","Reliable Hosting Services"
"29748","0","Very Low","True","hosting","Quality Technology Services, LLC"
"29802","0.0008","Low","True","hosting","HIVELOCITY, Inc."
"29838","0","Very Low","True","hosting","Atlantic Metro Communications II, Inc."
"29854","0","Very Low","True","hosting","WestHost, Inc."
"29869","0","Very Low","True","hosting","HostRocket.com, Inc."
"29873","0","Very Low","True","hosting","Newfold Digital, Inc."
"29883","0","Very Low","True","hosting","Internet Hosting Servers"
"29971","0","Very Low","True","business","iControl Systems USA LLC"
"30083","0.0013","Low","True","hosting","velia.net"
"30176","0.0002","Very Low","True","hosting","Priority Colo Inc"
"30447","0.0009","Low","True","hosting","Internet Names For Business Inc."
"30475","0.0001","Very Low","True","hosting","Handy Networks, LLC"
"30479","0","Very Low","True","business","Red Lion Controls, Inc."
"30633","0.0013","Low","True","hosting","Leaseweb USA, Inc."
"30689","0.0004","Very Low","True","isp","FLOW"
"30849","0.0039","Low","True","hosting","Research-and-production company Host Ltd"
"30860","0.003","Low","True","hosting","Virtual Systems LLC"
"30900","0.0016","Low","True","hosting","Sternforth Ltd. trading as WebWorld"
"30938","0.0003","Very Low","True","business","ahbr company limited"
"30962","0.0002","Very Low","True","hosting","comtrance service GmbH"
"30998","0.0002","Very Low","True","isp","Netcom Africa Limited"
"31034","0.0011","Low","True","isp","Aruba S.p.A."
"31042","0.0002","Very Low","True","isp","Serbia BroadBand-Srpske Kablovske mreze d.o.o."
"31103","0.0006","Low","True","hosting","Keyweb AG"
"31251","0","Very Low","True","isp","Falco Networks B.V."
"31400","0","Very Low","True","hosting","firstcolo GmbH"
"31404","0.0002","Very Low","True","business","LYCATEL DISTRIBUTION UK LIMITED"
"31472","0.0002","Very Low","True","isp","VoiceHost Ltd"
"31590","0.0002","Very Low","True","hosting","Rackhosting.com ApS"
"31624","0","Very Low","True","business","Yoursafe Holding B.V."
"31659","0","Very Low","True","hosting","Below Zero Hosting Ltd."
"31708","0.0004","Very Low","True","hosting","Coreix Ltd"
"31715","0.0002","Very Low","True","hosting","CloudIP LLC"
"31727","0","Very Low","True","isp","Node4 Limited"
"31798","0.0001","Very Low","True","hosting","DataCity"
"31807","0","Very Low","True","hosting","RackAloha, LLC"
"31863","0.0007","Low","True","hosting","Centrilogic, Inc."
"31898","0.0006","Low","True","business","Oracle Corporation"
"31981","0","Very Low","True","hosting","BlueTower Hosting LLC"
"32097","0.0007","Low","True","hosting","WholeSale Internet, Inc."
"32181","0.0004","Very Low","True","hosting","GigeNET"
"32244","0.0003","Very Low","True","hosting","Liquid Web, L.L.C"
"32306","0","Very Low","True","business","Falck USA, Inc."
"32338","0.0002","Very Low","True","hosting","Hostiserver Ltd"
"32400","0","Very Low","True","hosting","Ntirety, Inc."
"32475","0.0002","Very Low","True","hosting","Internap Holding LLC"
"32489","0.0046","Low","True","hosting","Amanah Tech Inc."
"32613","0.0003","Very Low","True","hosting","Leaseweb Canada Inc."
"32647","0.0004","Very Low","True","hosting","Crucial Web Hosting, Ltd."
"32740","0","Very Low","True","hosting","Sliqua Enterprise Hosting, Inc."
"32748","0.0002","Very Low","True","hosting","Steadfast"
"32780","0.002","Low","True","hosting","Hosting Services, Inc."
"32787","0","Very Low","True","hosting","Akamai Technologies, Inc."
"32875","0.0018","Low","True","hosting","Wowrack.com"
"32881","0","Very Low","True","hosting","Server North"
"32986","0","Very Low","True","hosting","Key Developments, LLC"
"32987","0","Very Low","True","","US | AS080780 - Clnetworks Inc, US"
"33028","0.0004","Very Low","True","hosting","VEXXHOST, Inc."
"33070","0","Very Low","True","hosting","Rackspace Hosting"
"33083","0.0013","Low","True","hosting","AxcelX Technologies LLC"
"33182","0.0004","Very Low","True","hosting","HostDime.com, Inc."
"33302","0.0001","Very Low","True","","ONS-COS - Data 102, LLC, US"
"33322","0.0001","Very Low","True","hosting","Network Data Center Host, Inc."
"33333","0","Very Low","True","hosting","objx.net, LLC"
"33387","0.0011","Low","True","hosting","Nocix, LLC"
"33438","0","Very Low","True","hosting","Datum"
"33480","0","Very Low","True","hosting","Web Werks"
"33494","0.0001","Very Low","True","hosting","IHNetworks, LLC"
"33569","0","Very Low","True","hosting","ALLHOSTSHOP.COM"
"33576","0.0002","Very Low","True","isp","Digicel Jamaica"
"33611","0","Very Low","True","business","Nuvodia, LLC"
"33724","0.0001","Very Low","True","","BIZNESSHOSTING - VOLICO, US"
"33779","0.0012","Low","True","isp","Wataniya Telecom Algerie"
"33983","0.0011","Low","True","isp","ARTMOTION SH.P.K."
"34011","0.0002","Very Low","True","hosting","Host Europe GmbH"
"34081","0.0006","Low","True","hosting","INCUBATEC GmbH - Srl"
"34240","0.0003","Very Low","True","hosting","manitu GmbH"
"34305","0.0003","Very Low","True","hosting","Base IP B.V."
"34309","0","Very Low","True","hosting","Link11 GmbH"
"34358","0.0001","Very Low","True","hosting","Cyber_Folks SRL"
"34432","0","Very Low","True","hosting","dogado GmbH"
"34533","0.0003","Very Low","True","isp","JSC ER-Telecom Holding"
"34541","0","Very Low","True","hosting","Online Solutions Oy"
"34549","0.0001","Very Low","True","hosting","meerfarbig GmbH & Co. KG"
"34619","0.0011","Low","True","isp","CIZGI TELEKOMUNIKASYON ANONIM SIRKETI"
"34665","0.009","Elevated","True","isp","Petersburg Internet Network ltd."
"34700","0.0003","Very Low","True","isp","MAXNET TELECOM, LTD"
"34745","0","Very Low","True","business","TeleWare Hosted Services Ltd."
"34762","0.0012","Low","True","hosting","Combell NV"
"34788","0.0008","Low","True","hosting","Neue Medien Muennich GmbH"
"34971","0.0004","Very Low","True","isp","CDLAN SpA"
"34989","0.0019","Low","True","hosting","ServeTheWorld AS"
"35041","0","Very Low","True","hosting","Binero AB"
"35278","0.004","Low","True","hosting","SPRINTHOST.RU LLC"
"35295","0","Very Low","True","hosting","JSC RU-CENTER"
"35297","0.0016","Low","True","hosting","Dataline LLC"
"35366","0.0002","Very Low","True","hosting","ISPpro Internet KG"
"35415","0.0002","Very Low","True","hosting","Webzilla B.V."
"35425","0.0002","Very Low","True","hosting","IOMART MANAGED SERVICES LIMITED"
"35467","0","Very Low","True","hosting","DDFR IT Infra & Security B.V."
"35470","0.0002","Very Low","True","isp","Signet B.V."
"35540","0.0001","Very Low","True","hosting","OVH SAS"
"35908","0.0002","Very Low","True","hosting","Krypt Technologies"
"35916","0.0002","Very Low","True","isp","MULTACOM CORPORATION"
"35974","0","Very Low","True","hosting","Quality Technology Services, LLC"
"36114","0.0042","Low","True","","VERSAWEB-ASN - Versaweb, LLC, US"
"36236","0.0005","Very Low","True","hosting","NetActuate, Inc"
"36263","0","Very Low","True","hosting","Amazon.com, Inc."
"36290","0.0001","Very Low","True","isp","The Cable of St. Kitts"
"36351","0","Very Low","True","hosting","IBM Cloud"
"36352","0.0042","Low","True","hosting","HostPapa"
"36408","0","Very Low","True","hosting","CDNetworks Inc."
"36444","0.0001","Very Low","True","hosting","Liquid Web, L.L.C"
"36536","0","Very Low","True","","Enterhost"
"36542","0","Very Low","True","government","Gwinnett County Government"
"36647","0","Very Low","True","isp","Oath Holdings Inc."
"36666","0.0013","Low","True","hosting","GloboTech Communications"
"36791","0.0003","Very Low","True","hosting","Portland Internet Hosting LLC"
"36873","0.0005","Very Low","True","isp","Airtel Networks Limited"
"36874","0.0001","Very Low","True","isp","Cybersmart"
"36920","0.0011","Low","True","isp","KKON Technologies Ltd"
"36943","0.0002","Very Low","True","hosting","1 GRID (PTY) LTD"
"36970","0","Very Low","True","banking","IPARTNERS LIMITED"
"37018","0.0006","Low","True","government","Galaxy Backbone PLC"
"37088","0.0003","Very Low","True","isp","VDT COMMUNICATIONS LIMITED"
"37153","0.0005","Very Low","True","hosting","Xneelo (Pty) Ltd"
"37170","0.0001","Very Low","True","education","University of Lagos"
"37209","0.0025","Low","True","isp","Hyperia Limited"
"37230","0.0013","Low","True","isp","Swifttalk Limited"
"37248","0.0004","Very Low","True","isp","Phase3 Telecom Limited"
"37266","0","Very Low","True","isp","Amobia Communications"
"37269","0.0008","Low","True","isp","Information Connectivity Solutions Limited"
"37280","0.0004","Very Low","True","isp","Broad Based Communications Limited"
"37284","0.0005","Very Low","True","isp","Aljeel Aljadeed For Technology"
"37308","0.0006","Low","True","isp","Steam Broadcasting and Communications Limited"
"37347","0.0057","Low","True","isp","NGCOM"
"37472","0.0001","Very Low","True","government","Nigerian Communications Satellite Ltd"
"37506","0","Very Low","True","business","Zinox Telecommunications Limited"
"37518","0","Very Low","True","isp","Fiber Grid INC"
"37521","0.0032","Low","True","isp","Internet Solutions Nigeria Limited"
"37540","0.0026","Low","True","business","Winrock Nigeria Limited"
"37611","0.0005","Very Low","True","hosting","Afrihost (Pty) Ltd"
"37661","0.0003","Very Low","True","education","Nigerian Research and Education Network Limited by Guarantee"
"37705","0.0003","Very Low","True","isp","TOPNET"
"37714","0.0004","Very Low","True","isp","BITFLUX COMMUNICATIONS LIMITED"
"37907","0.0002","Very Low","True","hosting","DigiRock, Inc."
"37963","0.0004","Very Low","True","business","Hangzhou Alibaba Advertising Co.,Ltd."
"38001","0.0027","Low","True","hosting","NewMedia Express Pte Ltd"
"38107","0","Very Low","True","hosting","CDNetworks"
"38186","0.0004","Very Low","True","isp","Forewin Telecom Group Limited"
"38266","0.0001","Very Low","True","isp","Vodafone Idea Ltd. (VIL)"
"38283","0.0007","Low","True","isp","CHINANET SCIDC AS AP"
"38364","0.0001","Very Low","True","isp","LTEL"
"38365","0.003","Low","True","business","Beijing Baidu Netcom Science and Technology Co., Ltd."
"38478","0.0002","Very Low","True","hosting","SunnyVision Limited"
"38700","0.0004","Very Low","True","hosting","SMILESERV"
"38719","0.0004","Very Low","True","hosting","Dreamscape Networks PTY LTD"
"38731","0.0022","Low","True","hosting","Vietel - CHT Compamy Ltd"
"38733","0.0011","Low","True","isp","CMC Telecom Infrastructure Company"
"38843","0.0001","Very Low","True","business","PUMO NETWORK DIGITAL TECHNOLOGY CO.,LTD"
"38894","0","Very Low","True","isp","ManageNET"
"38913","0.0005","Very Low","True","hosting","The Infrastructure Group B.V."
"39020","0.0005","Very Low","True","hosting","Comvive Servidores S.L."
"39122","0.0004","Very Low","True","hosting","Blacknight Internet Solutions Limited"
"39264","0.0023","Low","True","isp","Region Svyaz Konsalt LLC"
"39326","0.0002","Very Low","True","business","Syntura Group Limited"
"39351","0.0334","High","True","hosting","31173 Services AB"
"39392","0.0003","Very Low","True","hosting","SH.cz s.r.o."
"39451","0","Very Low","True","hosting","IOMART MANAGED SERVICES LIMITED"
"39458","0.0002","Very Low","True","hosting","Real Hosts Limited"
"39523","0.0003","Very Low","True","business","Vasilyev Ivan Ivanovich"
"39536","0","Very Low","True","business","BO ICT Management, S.L."
"39572","0.0002","Very Low","True","hosting","DataWeb Global Group B.V."
"39647","0.0001","Very Low","True","business","Enreach Netherlands B.V."
"39704","0.0003","Very Low","True","hosting","CJ2 Hosting B.V."
"39729","0.005","Low","True","hosting","REGISTER S.P.A."
"39756","0","Very Low","True","hosting","EASYHOST SRL"
"39798","0.0111","Elevated","True","hosting","MivoCloud SRL"
"39839","0.0002","Very Low","True","business","Punktum dk A/S"
"39845","0.0056","Low","True","hosting","2 Cloud Ltd."
"40021","0.0054","Low","True","hosting","Nubes, LLC"
"40065","0.0007","Low","True","hosting","CNSERVERS LLC"
"40156","0.0011","Low","True","isp","The Optimal Link Corporation"
"40165","0","Very Low","True","isp","Voxology Carrier Services, Inc."
"40244","0.0003","Very Low","True","hosting","Turnkey Internet Inc."
"40281","0","Very Low","True","hosting","QWK.net Hosting, L.L.C."
"40374","0","Very Low","True","hosting","High Density Hosting, Inc."
"40438","0.0005","Very Low","True","hosting","Canhost Inc."
"40539","0","Very Low","True","hosting","Hosting Consulting, Inc"
"40676","0.0016","Low","True","hosting","Psychz Networks"
"40715","0","Very Low","True","hosting","Cologix, Inc"
"40728","0","Very Low","True","hosting","GearHost, Inc."
"40819","0.0052","Low","True","hosting","Liquid Web, L.L.C"
"40824","0.0005","Very Low","True","hosting","Webzilla Inc."
"40861","0.0014","Low","True","hosting","Paradise Networks LLC"
"41062","0","Very Low","True","hosting","ProstoHosting LTD"
"41079","0.0012","Low","True","hosting","Cyber_Folks S.A."
"41281","0.0152","Elevated","True","business","KeFF Networks Ltd"
"41331","0","Very Low","True","isp","CURE NET SP. Z O.O."
"41369","0","Very Low","True","hosting","Advania Finland Oy"
"41390","0.0023","Low","True","business","SIA SOCKS"
"41427","0","Very Low","True","hosting","Datacenter d.o.o."
"41500","0","Very Low","True","business","LLC RUNET"
"41557","0.0003","Very Low","True","isp","Drustvo za telekomunikaciski uslugi TELEKABEL DOOEL Stip"
"41562","0","Very Low","True","hosting","Host4all Sarl"
"41564","0.0081","Low","True","isp","Orion Network Limited"
"41634","0.0046","Low","True","hosting","Svea Hosting AB"
"41653","0.0003","Very Low","True","hosting","Aqua Ray SAS"
"41682","0.0004","Very Low","True","isp","JSC ER-Telecom Holding"
"42120","0.0005","Very Low","True","business","MODIT Informatikai Zrt."
"42152","0","Very Low","True","business","VCD Infra Solutions B.V."
"42160","0.0002","Very Low","True","hosting","DC STAR nv"
"42244","0.0002","Very Low","True","hosting","eServer s.r.o."
"42331","0.0016","Low","True","hosting","PE Freehost"
"42399","0","Very Low","True","hosting","JSC RU-CENTER"
"42442","0","Very Low","True","hosting","Adacor Hosting GmbH"
"42465","0","Very Low","True","hosting","Forcepoint Cloud Ltd"
"42473","0.0003","Very Low","True","hosting","ANEXIA Internetdienstleistungs GmbH"
"42610","0.0005","Very Low","True","isp","PJSC Rostelecom"
"42612","0.0005","Very Low","True","hosting","DinaHosting S.L."
"42622","0","Very Low","True","business","Videnca AB"
"42695","0.0004","Very Low","True","hosting","Cleura AB"
"42699","0","Very Low","True","hosting","managedhosting.de GmbH"
"42705","0.0052","Low","True","isp","Talia Limited"
"42708","0.0027","Low","True","hosting","GleSYS AB"
"42730","0.0021","Low","True","hosting","EVANZO e-commerce GmbH"
"42776","0","Very Low","True","business","I T Hands LLC"
"42831","0.0016","Low","True","hosting","UK Dedicated Servers Limited"
"42861","0","Very Low","True","isp","Foton Telecom CJSC"
"42926","0.0002","Very Low","True","hosting","Radore Veri Merkezi Hizmetleri A.S."
"43021","0","Very Low","True","hosting","Certit Hosting Handelsbolag"
"43260","0.0012","Low","True","hosting","DGN TEKNOLOJI A.S."
"43289","0.0056","Low","True","hosting","Trabia SRL"
"43317","0.004","Low","True","hosting","SIA VEESP"
"43350","0.0024","Low","True","hosting","NForce Entertainment B.V."
"43391","0.0002","Very Low","True","hosting","Netdirekt A.S."
"43444","0.0014","Low","True","hosting","Fast Servers (Pty) Ltd"
"43472","0","Very Low","True","hosting","HostingMax LTD"
"43541","0.0002","Very Low","True","hosting","VSHosting s.r.o."
"43641","0.0065","Low","True","hosting","SOLLUTIUM EU Sp z.o.o."
"43754","0.001","Low","True","isp","Asiatech Data Transmission company"
"44050","0.0003","Very Low","True","isp","Petersburg Internet Network ltd."
"44066","0.0007","Low","True","hosting","firstcolo GmbH"
"44133","0.002","Low","True","hosting","IPAX GmbH"
"44227","0","Very Low","True","business","Stefan Wild"
"44398","0","Very Low","True","business","Itm8 A/S"
"44477","0.0032","Low","True","business","PQ HOSTING PLUS S.R.L."
"44486","0.006","Low","True","hosting","Oliver Horscht is trading as SYNLINQ"
"44559","0.0003","Very Low","True","hosting","IT HOSTLINE LTD"
"44814","0.0003","Very Low","True","isp","Bulgartel AD"
"44901","0.003","Low","True","hosting","Belcloud LTD"
"45012","0.0004","Very Low","True","hosting","dogado GmbH"
"45017","0.0029","Low","True","business","DOMINET LLC"
"45090","0.001","Low","True","hosting","Shenzhen Tencent Computer Systems Company Limited"
"45102","0.0015","Low","True","hosting","Alibaba (US) Technology Co., Ltd."
"45117","0.0025","Low","True","isp","Ishan's Network"
"45152","0","Very Low","True","hosting","Zone Networks Pty Ltd"
"45179","0.0008","Low","True","hosting","SiteTech Solutions Limited"
"45184","0.0029","Low","True","isp","DEN Networks Limited"
"45187","0","Very Low","True","hosting","Rackspace.com Hong Kong Limited"
"45194","0.0008","Low","True","isp","Syscon Infoway Pvt. Ltd."
"45201","0","Very Low","True","business","Nexon Asia Pacific Pty Ltd"
"45235","0.0297","Elevated","True","isp","GEOCITY NETWORK SOLUTIONS PVT LTD"
"45271","0.0003","Very Low","True","isp","Vodafone Idea Ltd. (VIL)"
"45276","0.0016","Low","True","isp","NReach Net (Pvt.) Ltd"
"45305","0.0055","Low","True","isp","Lintas Data Prima, PT"
"45352","0.0002","Very Low","True","hosting","IP ServerOne Solutions Sdn Bhd"
"45470","0","Very Low","True","hosting","8 To Infinity Pte Ltd"
"45481","0","Very Low","True","hosting","Digital Sense Hosting Pty Ltd"
"45498","0.0011","Low","True","isp","Smart Axiata Co., Ltd."
"45528","0.0014","Low","True","isp","Tikona Infinet Ltd."
"45577","0","Very Low","True","hosting","Intervolve Pty Ltd"
"45609","0.0002","Very Low","True","isp","Bharti Airtel Limited"
"45650","0.0021","Low","True","isp","VIA NET COMMUNICATION PUBLIC LIMITED"
"45671","0.0004","Very Low","True","hosting","Servers Australia Pty. Ltd"
"45753","0.0006","Low","True","hosting","Netsec Limited"
"45769","0.0011","Low","True","isp","D-Vois Broadband Pvt Ltd"
"45775","0.0019","Low","True","isp","WISH NET PRIVATE LIMITED"
"45815","0.0004","Very Low","True","hosting","HOSTCOIN AS IN AP"
"45839","0.0023","Low","True","hosting","Shinjiru Technology Sdn Bhd"
"45887","0.0002","Very Low","True","hosting","GPLHost LLC"
"45899","0.0005","Very Low","True","isp","VNPT Corp"
"45903","0.0008","Low","True","isp","CMC Telecom Infrastructure Company"
"45916","0.0051","Low","True","isp","Gujarat Telelink Pvt Ltd"
"46015","0.0023","Low","True","hosting","Exa Bytes Network Sdn.Bhd."
"46177","0.002","Low","True","hosting","White Sky Hosting"
"46261","0.0008","Low","True","hosting","QuickPacket, LLC"
"46430","0","Very Low","True","isp","TELX INC."
"46433","0","Very Low","True","hosting","EBOUNDHOST.com"
"46475","0.0022","Low","True","hosting","Limestone Networks, Inc."
"46562","0.0017","Low","True","hosting","Performive LLC"
"46573","0.0003","Very Low","True","hosting","LayerHost"
"46606","0.0008","Low","True","hosting","Unified Layer"
"46640","0","Very Low","True","business","NWN Corporation"
"46664","0.0082","Low","True","hosting","VolumeDrive"
"46723","0","Very Low","True","business","Unlabeled LLC"
"46805","0.0027","Low","True","isp","Angelnet Limited"
"46844","0.0029","Low","True","hosting","Sharktech"
"46879","0","Very Low","True","government","North Central Texas Council of Governments"
"47142","0","Very Low","True","business","RedBlue Networks SRL"
"47143","0","Very Low","True","hosting","Todayhost Limited"
"47169","0.0004","Very Low","True","isp","MVM NET Zrt."
"47172","0.0033","Low","True","hosting","Greenhost BV"
"47196","0.0006","Low","True","hosting","Garant-Park-Internet LLC"
"47205","0","Very Low","True","isp","Telia Lietuva, AB"
"47242","0.0011","Low","True","hosting","Host SpA"
"47328","0","Very Low","True","hosting","DigitalOne AG"
"47385","0.0002","Very Low","True","hosting","JSC RU-CENTER"
"47447","0.0005","Very Low","True","hosting","23M GmbH"
"47549","0.0004","Very Low","True","hosting","Hosting Systems Ltd"
"47577","0","Very Low","True","hosting","Pravilnyy khosting Ltd"
"47583","0.001","Low","True","hosting","Hostinger International Limited"
"47588","0.0001","Very Low","True","isp","TEL COMMUNICATIONS L.L.C."
"47625","0","Very Low","True","hosting","Paul David Hughes trading as Hosting Systems"
"47692","0.0003","Very Low","True","hosting","Nessus GmbH"
"47860","0","Very Low","True","business","OOO OTC"
"47869","0.0002","Very Low","True","hosting","ColoHouse LLC"
"47893","0","Very Low","True","isp","R-TEL LLC"
"47967","0","Very Low","True","business","Pro Marketing Central LLC"
"47995","0.0029","Low","True","isp","Apple Technologies LLC"
"48030","0.0159","Elevated","True","business","Martynova Irina Nikolaevna"
"48031","0.0006","Low","True","hosting","Ivanov Vitaliy Sergeevich"
"48093","0","Very Low","True","hosting","Webland AB"
"48095","0.005","Low","True","business","XT GLOBAL NETWORKS LTD."
"48252","0.0001","Very Low","True","isp","DIGICEL ANTILLES FRANCAISES GUYANE SA"
"48254","0.0006","Low","True","hosting","20i Limited"
"48265","0.0076","Low","True","isp","NSolution sh.p.k"
"48266","0.0033","Low","True","business","Catixs Ltd"
"48277","0","Very Low","True","business","Unified system of trade procedures Ltd."
"48282","0.0044","Low","True","hosting","Hosting technology LTD"
"48287","0.0004","Very Low","True","hosting","JSC RU-CENTER"
"48347","0.0033","Low","True","isp","JSC Mediasoft ekspert"
"48492","0.0007","Low","True","isp","I.Q Online for Internet Services and Communications LLC"
"48551","0.0011","Low","True","hosting","Sindad Network Technology PJSC"
"48635","0.0003","Very Low","True","hosting","CLDIN B.V."
"48716","0.0015","Low","True","isp","PS Internet Company LLP"
"48737","0.0008","Low","True","isp","Dorabase Veri Merkezi Hizmetleri A.S."
"48812","0","Very Low","True","hosting","Office IT B.V."
"48825","0.0003","Very Low","True","hosting","Fast4networks Ltd"
"48832","0.0003","Very Low","True","isp","Jordanian mobile phone services Ltd"
"48882","0.0026","Low","True","business","Optima-Shid LLC"
"48896","0.0003","Very Low","True","hosting","dhosting.pl Sp. z o.o."
"49074","0","Very Low","True","isp","SC TECHNOLOGICAL SRL"
"49173","0.0012","Low","True","isp","Telecable Almonte, S.L."
"49302","0","Very Low","True","business","ACTIV NET SRL"
"49313","0","Very Low","True","hosting","Seva-Host Ltd"
"49367","0.0013","Low","True","hosting","Seflow s.r.l."
"49392","0.0025","Low","True","hosting","LLC Baxet"
"49434","0.0037","Low","True","isp","FBW NETWORKS SAS"
"49447","0.0156","Elevated","True","hosting","Nice IT Services Group Inc."
"49453","0.004","Low","True","hosting","Global Layer B.V."
"49485","0.0001","Very Low","True","hosting","High Availability Hosting Limited"
"49505","0.0005","Very Low","True","hosting","JSC Selectel"
"49532","0.0059","Low","True","hosting","Eonix Corporation"
"49544","0.0017","Low","True","hosting","i3D.net B.V"
"49597","0","Very Low","True","isp","EURO.NET SRLS"
"49635","0.0028","Low","True","hosting","CLOUDI NEXTGEN SL"
"49682","0","Very Low","True","banking","BNB-Bank OJSC"
"49693","0.0005","Very Low","True","hosting","Best-Hoster Group Co. Ltd."
"49815","0","Very Low","True","hosting","Host2 LTD"
"49834","0.0004","Very Low","True","hosting","Best Hosting Company, LLC"
"49949","0","Very Low","True","business","Complior AB"
"49964","0","Very Low","True","isp","TORNADO TELECOM S.R.L."
"49981","0.0039","Low","True","hosting","WorldStream B.V."
"50113","0.0022","Low","True","hosting","FIRST SERVER LIMITED"
"50245","0.0002","Very Low","True","hosting","Serverel Inc."
"50297","0.0016","Low","True","hosting","Infium, UAB"
"50340","0.0007","Low","True","hosting","JSC Selectel"
"50465","0.002","Low","True","hosting","IQHost Ltd"
"50474","0.0037","Low","True","hosting","O2SWITCH SAS"
"50500","0.0004","Very Low","True","isp","BITAR NET SARL"
"50581","0.0018","Low","True","isp","Ukrainian Telecommunication Group LLC"
"50608","0","Very Low","True","isp","STIS Engineering LLC"
"50613","0.0012","Low","True","hosting","Advania Island ehf"
"50630","0","Very Low","True","business","Advanced Industries Packaging A/S"
"50655","0","Very Low","True","hosting","ITS HOSTED"
"50673","0.001","Low","True","hosting","Serverius Holding B.V."
"50867","0.0013","Low","True","hosting","HOSTKEY B.V."
"50872","0","Very Low","True","hosting","LOCALHOST d.o.o."
"50926","0.0009","Low","True","hosting","AXARNET COMUNICACIONES, S.L."
"50968","0.0008","Low","True","business","Hostmaster, Ltd."
"50979","0.002","Low","True","hosting","GREEN FLOID LLC"
"51050","0.0013","Low","True","hosting","H4Hosting BV"
"51056","0.001","Low","True","isp","Inet Tehno SRL"
"51092","0","Very Low","True","isp","TVIP Media LLC"
"51159","0.0011","Low","True","hosting","Think BV Limited"
"51167","0.0067","Low","True","hosting","Contabo GmbH"
"51177","0.0014","Low","True","business","TIPZOR MEDIA SRL"
"51191","0.0001","Very Low","True","hosting","Xirra GmbH"
"51241","0","Very Low","True","government","IRAN POST Company"
"51248","0.0003","Very Low","True","hosting","Host-Telecom.com s.r.o."
"51290","0.0022","Low","True","hosting","BARTOSZ WASZAK trading as HOSTEAM S.C. TOMASZ GROSZEWSKI BARTOSZ WASZAK LUKASZ GROSZEWSKI"
"51294","0","Very Low","True","hosting","HUBARA hosting solutions, S.L."
"51346","0.0032","Low","True","isp","Opened Joint Stock Company Tojiktelecom"
"51395","0.0007","Low","True","hosting","Datasource AG"
"51430","0.0031","Low","True","hosting","AltusHost B.V."
"51447","0.0131","Elevated","True","hosting","RootLayer Web Services Ltd."
"51468","0.0003","Very Low","True","hosting","One.com A/S"
"51559","0.0017","Low","True","hosting","Netinternet Bilisim Teknolojileri AS"
"51659","0.0053","Low","True","hosting","LLC Baxet"
"51698","0.0001","Very Low","True","hosting","ActiveHost RU LLC"
"51747","0.0003","Very Low","True","hosting","Internet Vikings International AB"
"51765","0.0594","High","True","hosting","Oy Crea Nova Hosting Solution Ltd"
"51842","0","Very Low","True","isp","I-Net LLC"
"51852","0.0056","Low","True","hosting","Private Layer INC"
"51983","0","Very Low","True","isp","Sargasso N1 Limited"
"52000","0.0011","Low","True","hosting","MIRhosting B.V."
"52048","0.0073","Low","True","hosting","SIA RixHost"
"52173","0.0059","Low","True","hosting","Sia Nano IT"
"52236","0.0002","Very Low","True","hosting","G2K ARGENTINA S.A."
"52270","0.0003","Very Low","True","hosting","ELSERVER S.R.L"
"52284","0.0059","Low","True","hosting","Panamaserver.com"
"52321","0","Very Low","True","hosting","Fideicomiso de Administración Datacenter Capitalinas"
"52335","0.0002","Very Low","True","hosting","Colombia Hosting"
"52347","0","Very Low","True","hosting","HOSTCLICK, de DUCA GRACIELA MIRTA"
"52393","0.0065","Low","True","business","Corporación Dana S.A."
"52449","0.0093","Elevated","True","isp","My Tech BZ"
"52465","0.0014","Low","True","isp","WNet Internet y Hosting"
"52485","0.0073","Low","True","business","networksdelmanana.com"
"52523","0","Very Low","True","business","COMPANHIA PAULISTA DE FORCA E LUZ"
"52674","0.0001","Very Low","True","isp","BRASIL TECPAR | AMIGO | AVATO"
"52925","0.0001","Very Low","True","hosting","Ascenty Data Centers e Telecomunicações S/A"
"53013","0.0018","Low","True","isp","W I X NET DO BRASIL LTDA - ME"
"53054","0.0016","Low","True","isp","WEBBY TELECOM LTDA"
"53055","0.0002","Very Low","True","hosting","DIMENOC SERVICOS DE INFORMATICA LTDA"
"53057","0.0002","Very Low","True","hosting","RedeHost Internet Ltda."
"53101","0","Very Low","True","isp","SIANET Datacenter e Provedores Ltda-ME"
"53221","0.0002","Very Low","True","hosting","ENGETRONICS INTERNET DATACENTER"
"53225","0.0003","Very Low","True","hosting","IPGLOBE INTERNET LTDA"
"53318","0","Very Low","True","business","Deep Systems LLC"
"53332","0","Very Low","True","hosting","C2Hosting, LLC"
"53340","0.0011","Low","True","","FIBERHUB - VegasNAP, LLC, US"
"53342","0","Very Low","True","business","Delco Automation Inc"
"53356","0.0006","Low","True","hosting","Free Range Cloud Hosting Inc."
"53559","0","Very Low","True","business","KST Networks"
"53587","0.0001","Very Low","True","hosting","AZURE TECHNOLOGY CO., LIMITED"
"53589","0.0003","Very Low","True","hosting","PlanetHoster"
"53597","0.0001","Very Low","True","business","Hoyos Consulting LLC"
"53667","0.0419","High","True","hosting","FranTech Solutions"
"53755","0.0003","Very Low","True","hosting","Input Output Flood LLC"
"53824","0.0007","Low","True","hosting","Liquid Web, L.L.C"
"53850","0.0002","Very Low","True","","GORILLASERVERS - GorillaServers, Inc., US"
"53914","0.0007","Low","True","hosting","Genesis Hosting Solutions, LLC"
"53918","0","Very Low","True","business","Host Hotels and Resorts, L.P."
"54014","0","Very Low","True","business","Jurassic Innovations, LLC"
"54103","0.0001","Very Low","True","hosting","MOD Mission Critical, LLC"
"54104","0","Very Low","True","business","InfoObjects Inc."
"54203","0.0527","High","True","business","Strong Technology, LLC."
"54252","0.002","Low","True","hosting","Sprious LLC"
"54290","0.0006","Low","True","hosting","Hostwinds LLC."
"54334","0.002","Low","True","hosting","Swiftnode LLC"
"54455","0.0003","Very Low","True","hosting","MadeIT inc."
"54489","0","Very Low","True","hosting","CoreSpace, Inc."
"54527","0.0001","Very Low","True","hosting","Astute Internet"
"54555","0","Very Low","True","hosting","Host Duplex, LLC"
"54561","0.002","Low","True","hosting","Secure Dragon LLC."
"54600","0.0002","Very Low","True","hosting","PEG TECH INC"
"54641","0.0004","Very Low","True","hosting","InMotion Hosting, Inc."
"54839","0","Very Low","True","hosting","Intelliracks Managed Hosting"
"54994","0.0001","Very Low","True","hosting","Meteverse Limited."
"55002","0","Very Low","True","hosting","F5, Inc."
"55081","0.0025","Low","True","hosting","24 SHELLS"
"55229","0","Very Low","True","hosting","White Sands Hosting"
"55256","0.0002","Very Low","True","hosting","Netskope Inc"
"55286","0.0021","Low","True","hosting","B2 Net Solutions Inc."
"55293","0.0003","Very Low","True","hosting","A2 Hosting, Inc."
"55352","0.0006","Low","True","isp","Microscan Internet Limited"
"55536","0.0006","Low","True","hosting","Pacswitch Globe Telecom Limited"
"55577","0.003","Low","True","isp","Atria Convergence Technologies Pvt. Ltd.,"
"55699","0.0038","Low","True","isp","PT. Cemerlang Multimedia"
"55720","0.002","Low","True","hosting","Gigabit Hosting Sdn Bhd"
"55799","0.0005","Very Low","True","hosting","TechAvenue Sdn Bhd"
"55803","0.0002","Very Low","True","hosting","Hostopia Australia Web Pty Ltd"
"55805","0.002","Low","True","isp","MobiCom Corporation"
"55824","0.0003","Very Low","True","government","National Knowledge Network"
"55832","0.0001","Very Low","True","isp","HOME SYSTEMS PVT.LTD"
"55836","0.0004","Very Low","True","isp","Reliance Jio Infocomm Limited"
"55933","0.0011","Low","True","hosting","Cloudie Limited"
"55944","0.0005","Very Low","True","isp","OOREDOO MALDIVES PRIVATE LIMITED"
"55990","0.0008","Low","True","hosting","Huawei Cloud Service data center"
"56044","0.0001","Very Low","True","isp","China Mobile Communications Corporation"
"56106","0.0028","Low","True","hosting","Zone Networks Pty Ltd"
"56268","0.0034","Low","True","isp","Northeast Dataa Network Pvt Ltd"
"56291","0","Very Low","True","hosting","Ace, Inc."
"56309","0.0043","Low","True","hosting","Siamdata Communication Co.,ltd."
"56322","0.006","Low","True","hosting","ServerAstra Kft."
"56611","0.0022","Low","True","hosting","REBA Communications BV"
"56630","0.0012","Low","True","hosting","Melbikomas UAB"
"56655","0.0039","Low","True","hosting","Gigahost AS"
"56694","0.0036","Low","True","hosting","LLC Smart Ape"
"56740","0.0005","Very Low","True","hosting","DataHata Ltd"
"56851","0.0018","Low","True","business","PE Skurykhin Mukola Volodumurovuch"
"56902","0.0004","Very Low","True","business","Energy Bridge Sarl"
"56934","0.002","Low","True","hosting","Zhemoedov Sergey Mihaylovich"
"57043","0.002","Low","True","hosting","HOSTKEY B.V."
"57129","0","Very Low","True","hosting","GidPro BV"
"57166","0","Very Low","True","business","Stefan Brand-Epprecht"
"57169","0.0024","Low","True","hosting","EDIS GmbH"
"57172","0.0055","Low","True","hosting","Global Layer B.V."
"57230","0.0078","Low","True","hosting","Aria Web Development LLC"
"57256","0.0012","Low","True","business","Pros-Services S.A.R.L."
"57286","0.0005","Very Low","True","hosting","GIGAS HOSTING S.A."
"57344","0.0013","Low","True","isp","Telehouse EAD"
"57363","0","Very Low","True","hosting","CDNvideo LLC"
"57433","0","Very Low","True","hosting","intercolo GmbH"
"57497","0.002","Low","True","hosting","Faraso Samaneh Pasargad Ltd."
"57513","0.0002","Very Low","True","isp","Mobile interim company 1 S.A.L."
"57682","0.001","Low","True","hosting","TOV HOST VDS"
"57717","0.005","Low","True","isp","FiberXpress BV"
"57724","0.0029","Low","True","hosting","DDOS-GUARD LTD"
"57752","0.0001","Very Low","True","isp","VOIP Telecom SAS"
"57773","0","Very Low","True","isp","1Access Sweden AB"
"57844","0.0026","Low","True","isp","SPDNet Telekomunikasyon Hizmetleri Bilgi Teknolojileri Taahhut Sanayi Ve Ticaret A.S."
"57858","0.0034","Low","True","isp","Angelnet Limited"
"57879","0","Very Low","True","business","EXIMPROD SERVICII SUPORT SRL"
"58014","0.0005","Very Low","True","business","ZUTOM s.r.o."
"58042","0.0008","Low","True","education","State Educational Institution of Higher Vocational Education The Bonch-Bruevich Saint-Petersburg State University of Telecommunications"
"58061","0.0007","Low","True","hosting","Scalaxy B.V."
"58065","0.0067","Low","True","isp","Orion Network Limited"
"58073","0.0004","Very Low","True","hosting","YISP B.V."
"58099","0.002","Low","True","business","GUM Limited Liability Company"
"58222","0.0001","Very Low","True","hosting","ServerBase AG"
"58269","0.0017","Low","True","hosting","CloudHosting SIA"
"58305","0.0007","Low","True","hosting","SYN LTD"
"58313","0.0059","Low","True","hosting","Misaka Network, Inc."
"58621","0.0001","Very Low","True","hosting","Vodien Internet Solutions Pte Ltd"
"58678","0.0017","Low","True","isp","Intech Online Private Limited"
"58762","0.0022","Low","True","business","Candor infosolution Pvt Ltd"
"58765","0.0021","Low","True","isp","Bittel Telecom Pvt Ltd"
"58922","0","Very Low","True","hosting","Fujifilm Microchannel Hosting Pty Ltd"
"59135","0.001","Low","True","business","PT Suraloka Digital Kreatif"
"59210","0.0007","Low","True","hosting","PhoenixNAP"
"59253","0.0014","Low","True","hosting","LEASEWEB SINGAPORE PTE. LTD."
"59349","0","Very Low","True","hosting","GMO-Z.COM PTE. LTD."
"59371","0.0002","Very Low","True","isp","Dimension Network & Communication Limited"
"59374","0.0007","Low","True","hosting","Bangmod Enterprise Co., Ltd."
"59432","0.0013","Low","True","hosting","GINERNET S.L."
"59504","0.0007","Low","True","hosting","LLC Vpsville"
"59554","0","Very Low","True","hosting","Datacenter Groningen B.V."
"59615","0.002","Low","True","hosting","SIA Serverum"
"59632","0","Very Low","True","hosting","SC PIDGIN HOST SRL"
"59677","0","Very Low","True","isp","SMART TELECOM MEDIA SRL"
"59705","0","Very Low","True","business","Acora Limited"
"59711","0.0035","Low","True","hosting","HZ Hosting Ltd"
"59729","0.0035","Low","True","hosting","GREEN FLOID LLC"
"59795","0","Very Low","True","hosting","Lucas Rolff trading as PerfGrid"
"59816","0","Very Low","True","business","4on LTD"
"60011","0","Very Low","True","hosting","Mythic Beasts Ltd"
"60068","0.0087","Elevated","True","hosting","Datacamp Limited"
"60117","0.0026","Low","True","hosting","Host Sailor Ltd"
"60118","0","Very Low","True","business","INVITE Systems SRL"
"60318","0","Very Low","True","isp","VSELINK LLC"
"60330","0.0002","Very Low","True","hosting","Belarusian Cloud Technologies LLC"
"60372","0.0007","Low","True","isp","EagleNet s.a.r.l."
"60404","0.0098","Elevated","True","hosting","The Infrastructure Group B.V."
"60458","0.0002","Very Low","True","hosting","Xtudio Networks S.L.U."
"60476","0.0002","Very Low","True","business","Digital Transformation Plus LLC"
"60485","0.0002","Very Low","True","isp","Angelnet Limited"
"60539","0","Very Low","True","isp","Huicast Telecom Limited"
"60558","0.0007","Low","True","hosting","PHOENIX NAP, LLC."
"60567","0.0117","Elevated","True","hosting","SIA RixHost"
"60695","0","Very Low","True","isp","NETRONIK sp. z o.o."
"60781","0.0009","Low","True","isp","LeaseWeb Netherlands B.V."
"60800","0","Very Low","True","hosting","Netwise Hosting Ltd"
"60887","0","Very Low","True","business","International Systems Engineering & Automation Company PJS"
"60904","0.0361","High","True","isp","ATC Telecom LTD."
"60937","0","Very Low","True","business","Savon ICT-palvelut Oy"
"60974","0","Very Low","True","business","Naicoms EOOD"
"61102","0.0022","Low","True","hosting","Interhost Communication Solutions Ltd."
"61147","0","Very Low","True","isp","CallHosted B.V."
"61157","0","Very Low","True","hosting","PlusServer GmbH"
"61280","0.0039","Low","True","government","FGUP GRCHC"
"61317","0.003","Low","True","hosting","Hivelocity LLC"
"61323","0.0001","Very Low","True","hosting","ANS ACADEMY LIMITED"
"61412","0","Very Low","True","business","Alta Lingua SRL"
"61493","0.0014","Low","True","hosting","InterBS S.R.L. (BAEHOST)"
"62026","0","Very Low","True","isp","FINK TELEKOMUNIKASYON HIZMETLERI TICARET LIMITED SIRKETI"
"62058","0","Very Low","True","business","ETSPUBLI RADIO-TELEVISION BELGE DE LA COMMUNAUTE FRANCAISE"
"62068","0.0077","Low","True","hosting","SpectraIP B.V."
"62071","0","Very Low","True","hosting","Datahost SRL"
"62080","0","Very Low","True","business","Adrian Almenar Serrano"
"62082","0.0021","Low","True","hosting","Hostland LTD"
"62093","0.0005","Very Low","True","business","Cicorella srl"
"62115","0","Very Low","True","banking","State Specialized Russian Export-Import Bank (Joint-Stock Company)"
"62164","0.0014","Low","True","hosting","Heymman Servers Corporation"
"62214","0.0012","Low","True","hosting","Rackforest Zrt."
"62217","0.0005","Very Low","True","hosting","Vinters IT Ltd"
"62240","0.0052","Low","True","hosting","Clouvider Limited"
"62282","0.0007","Low","True","business","UAB Delska Lithuania"
"62294","0","Very Low","True","business","Data Target d.o.o."
"62310","0","Very Low","True","hosting","managedhosting.de GmbH"
"62370","0.0022","Low","True","hosting","Snel.com B.V."
"62468","0.0022","Low","True","hosting","VpsQuan L.L.C."
"62485","0","Very Low","True","hosting","ServerKing.io, LLC"
"62540","0","Very Low","True","business","Drake Holdings LLC"
"62563","0.0041","Low","True","hosting","GLOBALTELEHOST Corp."
"62605","0","Very Low","True","business","Untangled Technology, LLC"
"62651","0.0179","Elevated","True","business","Strong Technology, LLC."
"62756","0","Very Low","True","hosting","HostRocket.com, Inc."
"62785","0","Very Low","True","hosting","Amazon.com Services, LLC"
"62838","0.0009","Low","True","hosting","Reprise Hosting"
"62874","0.0027","Low","True","hosting","Web2Objects LLC"
"62900","0","Very Low","True","business","Kerfuffle, LLC"
"62904","0.0005","Very Low","True","hosting","Eonix Corporation"
"63008","0","Very Low","True","hosting","SIMPLE CLOUD SOLUTION LLC"
"63018","0.0022","Low","True","hosting","Dedicated.com"
"63023","0.0064","Low","True","hosting","GTHost"
"63119","0.0008","Low","True","isp","Angelnet Limited"
"63129","0.0004","Very Low","True","isp","AirRabbit, LLC"
"63157","0","Very Low","True","business","DSW Information Technology LLC."
"63199","0.0006","Low","True","hosting","CDS Global Cloud Co., Ltd"
"63213","0.0005","Very Low","True","hosting","Astute Internet"
"63410","0.0002","Very Low","True","hosting","PrivateSystems Networks"
"63473","0.0044","Low","True","hosting","HostHatch, LLC"
"63731","0.0013","Low","True","isp","TPTECO AS VN"
"63760","0.0084","Low","True","hosting","AZDIGI AS VN"
"63916","0.002","Low","True","hosting","Techavenue International Ltd"
"63930","0.0007","Low","True","hosting","Ready Server Pte Ltd"
"63949","0.008","Low","True","hosting","Akamai Technologies, Inc."
"64013","0.0031","Low","True","hosting","CyberForest LLC."
"64050","0.0001","Very Low","True","hosting","BGP Network Limited"
"64056","0","Very Low","True","hosting","Kazila LLC"
"64236","0.0013","Low","True","hosting","UnReal Servers, LLC"
"64245","0.0001","Very Low","True","hosting","DigitalFyre Internet Solutions, LLC."
"64267","0.0062","Low","True","hosting","Sprious LLC"
"64484","0","Very Low","True","hosting","Hexanode SARL"
"131267","0.001","Low","True","isp","Star Telecom"
"131269","0.0038","Low","True","isp","Atria Convergence Technologies Pvt. Ltd.,"
"131392","0.0009","Low","True","hosting","RUNSYSTEM AS VN"
"131414","0.0085","Low","True","hosting","Long Van Soft Solution JSC"
"131423","0.005","Low","True","hosting","Branch of Long Van System Solution JSC - Hanoi"
"131442","0.0019","Low","True","isp","Digital Network Associates Pvt Ltd"
"131965","0.0004","Very Low","True","hosting","Xserver Inc."
"132045","0","Very Low","True","isp","Dialog Axiata Plc"
"132061","0.0001","Very Low","True","isp","Realmove Company Limited"
"132070","0","Very Low","True","hosting","Intervolve Pty Ltd"
"132116","0.0083","Low","True","isp","Ani Network Pvt Ltd"
"132203","0.003","Low","True","hosting","Shenzhen Tencent Computer Systems Company Limited"
"132212","0","Very Low","True","business","IGT TECHNOLOGIES PHILIPPINES INC."
"132225","0","Very Low","True","isp","China Telecom"
"132231","0","Very Low","True","isp","Network For Learning Limited"
"132335","0.0019","Low","True","hosting","LEAPSWITCH NETWORKS PRIVATE LIMITED"
"132447","0.0007","Low","True","isp","Hutchison Telecommunications Lanka (Private) Limited"
"132453","0.0019","Low","True","isp","TRIPLE PLAY BROADBAND PRIVATE LIMITED"
"132497","0.0009","Low","True","isp","DIGITAL NETWORK ASSOCIATES PRIVATE LIMITED"
"132509","0","Very Low","True","isp","Solarix Networks Limited"
"132717","0.0013","Low","True","hosting","NxtGen Datacenter & Cloud Technologies Pvt. Ltd."
"132757","0.0011","Low","True","isp","Sristi Sanchar Webnet Ltd."
"132770","0.0019","Low","True","isp","Gazon Communications India Limited"
"132779","0.002","Low","True","hosting","RackBank Datacenters Private Ltd"
"132816","0","Very Low","True","hosting","SimplerCloud Pte Ltd"
"132839","0.0002","Very Low","True","hosting","POWER LINE (HK) CO., LIMITED"
"132869","0","Very Low","True","isp","M.A Network Service"
"132932","0.0002","Very Low","True","business","ITTHINGS AS"
"132976","0.0015","Low","True","isp","Kings Broadband Pvt Ltd"
"132996","0.0021","Low","True","isp","Threesa Infoway Pvt.Ltd."
"133001","0.0012","Low","True","isp","Airnet Cable And Datacom Pvt Ltd"
"133115","0.0008","Low","True","business","HK Kwaifong Group Limited"
"133120","0.0001","Very Low","True","hosting","Hosted Network Pty. Ltd."
"133143","0","Very Low","True","hosting","Medihost Solutions Pty Ltd"
"133159","0.002","Low","True","business","Mammoth Media Pty Ltd"
"133199","0.0004","Very Low","True","hosting","SonderCloud Limited"
"133201","0.0034","Low","True","business","ABCDE GROUP COMPANY LIMITED"
"133222","0","Very Low","True","isp","Telspiel Communications Private Limited"
"133296","0.0009","Low","True","hosting","Web Werks India Pvt. Ltd."
"133320","0.002","Low","True","hosting","Alpha InfoLab Private Limited"
"133393","0","Very Low","True","hosting","Naki Host Limted"
"133480","0.0027","Low","True","isp","5G NETWORK OPERATIONS PTY LTD"
"133676","0.004","Low","True","isp","Precious netcom pvt ltd"
"133720","0.0015","Low","True","business","Zess Networks Private Limited"
"133982","0.0141","Elevated","True","isp","Excitel Broadband Private Limited"
"134014","0.0053","Low","True","business","NET 4 U SERVICES PVT LTD"
"134022","0.0051","Low","True","isp","Genstar Network Solutions Pvt Ltd."
"134026","0.0042","Low","True","isp","Ultranet services private limited"
"134033","0.002","Low","True","isp","Mithril Telecommunications Private Limited"
"134190","0","Very Low","True","hosting","IPDC SOLUTIONS PTE LTD"
"134375","0.0034","Low","True","isp","Fusionnet Web Services Private Limited"
"134451","0","Very Low","True","hosting","NewMedia Express Pte Ltd"
"134548","0","Very Low","True","hosting","DingFeng XinHui(HongKong) Technology Limited"
"134674","0.0137","Elevated","True","isp","Tata Play Broadband Private Limited"
"134768","0.0011","Low","True","isp","CHINANET SHAANXI province Cloud Base network"
"134837","0.001","Low","True","isp","Dhaka Internet"
"134913","0.0006","Low","True","isp","JETWAY BROADBAND INDIA PVT LTD"
"134937","0.0008","Low","True","isp","Speed AS"
"134963","0.0007","Low","True","hosting","Alibaba Cloud (Singapore) Private Limited"
"134971","0.0002","Very Low","True","business","Doly IT Corner"
"135004","0.0039","Low","True","business","fy, Inc."
"135028","0.001","Low","True","isp","GEMSTAR CABLE TV"
"135031","0.0015","Low","True","isp","RI Networks Pvt. Ltd."
"135377","0.0092","Elevated","True","hosting","UCLOUD INFORMATION TECHNOLOGY (HK) LIMITED"
"135402","0.0002","Very Low","True","isp","Wired ISP Inc."
"135555","0.0007","Low","True","isp","City Communications PTY LTD"
"135562","0","Very Low","True","isp","Nevigate Global Network (Hong Kong) Limited"
"135760","0.0055","Low","True","isp","Speednet Unique Network Pvt Ltd"
"135822","0.0047","Low","True","hosting","Ovi Hosting Pvt Ltd"
"135872","0.0044","Low","True","isp","GTPL KCBPL BROADBAND PVT LTD"
"135905","0.0029","Low","True","isp","VNPT AS VN"
"136052","0.0187","Elevated","True","hosting","PT Cloud Hosting Indonesia"
"136258","0.007","Low","True","hosting","BrainStorm Network, Inc"
"136288","0.0016","Low","True","business","Sai Prasad Intenet Services Pvt Ltd"
"136334","0.0029","Low","True","isp","Vortex Netsol Private Limited"
"136374","0.0007","Low","True","isp","Microtalk Communications Pvt Ltd"
"136557","0.0056","Low","True","hosting","Host Universal Pty Ltd"
"136716","0.0021","Low","True","isp","APPLE BROADBAND SERVICES PVT. LTD"
"136899","0","Very Low","True","hosting","PhoenixNAP"
"136907","0.0063","Low","True","hosting","HUAWEI INTERNATIONAL PTE. LTD."
"137166","0.0022","Low","True","isp","Satellite Netcom Private Limited"
"137434","0.0005","Very Low","True","isp","69 Systems"
"137517","0.0007","Low","True","hosting","BEE ONLINE NETWORK PRIVATE LIMITED"
"137951","0.0001","Very Low","True","isp","ASLINE LIMITED"
"138195","0.0004","Very Low","True","hosting","MOACK.Co.LTD"
"138245","0.0072","Low","True","isp","XPRESS AS IN"
"138296","0.0016","Low","True","business","Juweriyah Networks Private Limited"
"139021","0.0006","Low","True","hosting","West263 International Limited"
"139190","0","Very Low","True","hosting","Google Asia Pacific Pte. Ltd."
"141167","0.0012","Low","True","hosting","AgotoZ HK Limited"
"196645","0.001","Low","True","hosting","HOSTPRO LAB LLC"
"196716","0","Very Low","True","isp","CRELCOM LLC"
"196745","0","Very Low","True","hosting","Datacenta Hosting Ltd"
"197019","0.0027","Low","True","hosting","WEDOS Internet, a.s."
"197071","0.0023","Low","True","hosting","active 1 GmbH"
"197155","0.0013","Low","True","isp","Artnet Sp. z o.o."
"197226","0.0009","Low","True","isp","SPRINT S.A."
"197328","0","Very Low","True","hosting","GEOCOM LLC"
"197395","0.0001","Very Low","True","hosting","HostGhost B.V."
"197439","0","Very Low","True","hosting","Sylon Hosting GmbH"
"197492","0","Very Low","True","isp","ALSATIS SERVICES SAS"
"197540","0.0049","Low","True","hosting","netcup GmbH"
"197569","0","Very Low","True","business","BASED ON WHAT LLC"
"197648","0.0014","Low","True","hosting","CLOUDLAYER8 LIMITED"
"197695","0.0011","Low","True","hosting","Domain names registrar REG.RU, Ltd"
"197706","0.0035","Low","True","isp","Keminet SHPK"
"197812","0","Very Low","True","business","Ghelamco Poland Sp. z o.o."
"197882","0.0029","Low","True","isp","Tarin General Trading and Setting Up Internet Device LTD"
"197902","0.0011","Low","True","hosting","Hostnet B.V."
"197914","0","Very Low","True","hosting","Ecritel SASU"
"197922","0.0014","Low","True","hosting","Techcrea Solutions SAS"
"198068","0.0002","Very Low","True","business","P.A.G.M. OU"
"198153","0","Very Low","True","business","SOCIETAT D'ESTUDIS INFORMATICS I D'ORGANITZACIO, SOCIETAT ANONIMA (SEIDOR)"
"198171","0.001","Low","True","hosting","Webglobe, s.r.o."
"198347","0","Very Low","True","hosting","Game-Hosting GH AB"
"198432","0.0006","Low","True","hosting","Ipcore Datacenters S.L"
"198605","0.017","Elevated","True","business","AVAST Software s.r.o."
"198610","0.001","Low","True","hosting","Beget LLC"
"198651","0.0007","Low","True","hosting","HOSTLINE, UAB"
"198785","0.0001","Very Low","True","hosting","Sedmi Odjel d.o.o."
"198968","0.0008","Low","True","hosting","Cyberneticos Hosting SL"
"199140","0.0011","Low","True","isp","Orange S.A."
"199267","0","Very Low","True","hosting","NETSTYLE A. LTD"
"199297","0.002","Low","True","hosting","Savinien Petitjean"
"199429","0","Very Low","True","business","PFA Dinu Laurentiu Viorel"
"199432","0.001","Low","True","","EG | SKTNET Skt Netcon SRL,RO"
"199481","0","Very Low","True","hosting","Node4 Hosting Limited"
"199484","0.0003","Very Low","True","isp","Euronet Telekomunikasyon A.S."
"199524","0.0012","Low","True","hosting","G-Core Labs S.A."
"199610","0.0003","Very Low","True","hosting","marbis GmbH"
"199653","0.0005","Very Low","True","hosting","Aruba SAS"
"199716","0","Very Low","True","isp","Bletchley Networks Limited"
"199883","0.0007","Low","True","hosting","ArubaCloud Limited"
"199990","0","Very Low","True","hosting","LOCALHOST AS"
"199997","0","Very Low","True","hosting","Ippon Hosting SARL"
"200000","0.0015","Low","True","hosting","Hosting Ukraine LTD"
"200019","0.0068","Low","True","hosting","ALEXHOST SRL"
"200052","0.0034","Low","True","hosting","Feral.io Ltd"
"200107","0.0003","Very Low","True","business","Kaspersky Lab Switzerland GmbH"
"200147","0","Very Low","True","hosting","Hosting Techniques Limited"
"200373","0.107","High","True","hosting","3xK Tech GmbH"
"200454","0","Very Low","True","business","Tomas Oliveira Valente Leite de Castro"
"200484","0.0001","Very Low","True","business","Sendinblue SAS"
"200557","0","Very Low","True","business","Peter Hannay"
"200617","0","Very Low","True","business","CEBI International SA"
"200651","0.0182","Elevated","True","hosting","FlokiNET ehf"
"200719","0.0001","Very Low","True","hosting","Miss Hosting AB"
"200805","0.0007","Low","True","isp","Melita Limited"
"200814","0.0016","Low","True","isp","LIMNET , LLC"
"200904","0.0015","Low","True","hosting","FOXCLOUD LLP"
"201011","0.0004","Very Low","True","isp","Core-Backbone GmbH"
"201200","0.0003","Very Low","True","hosting","SuperHosting.BG Ltd."
"201233","0.001","Low","True","business","YONCA DURAN"
"201351","0.0098","Elevated","True","hosting","IKUUU NETWORK LTD"
"201401","0.0008","Low","True","hosting","NewVM B.V."
"201446","0.0012","Low","True","hosting","Soluciones web on line s.l."
"201449","0.0005","Very Low","True","hosting","Digital Absolut Business - Servidor, Virtualizacao, Cluster, Datacenters e Telecomunicacoes, Lda"
"201525","0.0031","Low","True","hosting","HZ Hosting Ltd"
"201553","0.0016","Low","True","isp","Vola los del Internet S.L."
"201597","0","Very Low","True","hosting","2invision Managed Services B.V."
"201630","0.0013","Low","True","hosting","QHOSTER LTD."
"201634","0.0033","Low","True","hosting","Mizban Dade Shetaban Co. (Ltd)"
"201670","0.0141","Elevated","True","hosting","S.C. INFOTECH-GRUP S.R.L."
"201702","0","Very Low","True","hosting","skHosting.eu s.r.o."
"201709","0.0003","Very Low","True","hosting","HanDS Hanse Datacenter Services GmbH"
"201848","0.0025","Low","True","hosting","Trader soft LLC"
"201862","0","Very Low","True","hosting","VMhosts Ltd"
"201963","0","Very Low","True","hosting","SCALE IT Service GmbH"
"201983","0.0001","Very Low","True","hosting","Ansluten Hosting i Sverige AB"
"202015","0.0031","Low","True","hosting","HZ Hosting Ltd"
"202023","0","Very Low","True","isp","SCALEWAY S.A.S."
"202053","0.0012","Low","True","hosting","UpCloud Ltd"
"202054","0.0004","Very Low","True","hosting","GRUPO SYS4NET, S.L."
"202193","0.001","Low","True","isp","FreeCom S.r.l."
"202278","0","Very Low","True","hosting","XenonCloud Verwaltungs GmbH trading as XenonCloud GmbH & Co. KG"
"202279","0.0006","Low","True","isp","STATE UNITARY ENTERPRISE OF THE DONETSK PEOPLE'S REPUBLIC REPUBLICAN TELECOMMUNICATIONS OPERATOR"
"202422","0.0044","Low","True","hosting","G-Core Labs S.A."
"202425","0.0431","High","True","hosting","IP Volume inc"
"202527","0","Very Low","True","business","Aktau Spec Montazh TOO"
"202533","0","Very Low","True","business","MC Vybor Ltd."
"202614","0","Very Low","True","business","Kinescope B.V."
"202661","0","Very Low","True","business","NetPlans GmbH"
"202675","0.0007","Low","True","hosting","Keliweb S.R.L"
"202678","0.0046","Low","True","business","CUZDAN ELEKTRONIK PARA VE ODEME HIZMETLERI ANONIM SIRKETI"
"202693","0","Very Low","True","business","Erik Schneider"
"202750","0.0039","Low","True","isp","Betanetua LLC"
"202769","0","Very Low","True","hosting","NETSTYLE A. LTD"
"202984","0.0177","Elevated","True","hosting","Chernyshov Aleksandr Aleksandrovich"
"203020","0.0009","Low","True","hosting","HostRoyale Technologies Pvt Ltd"
"203040","0","Very Low","True","business","Sangmyoung Lee"
"203059","0","Very Low","True","business","Consorzio Energetico Val Venosta Soc. Coop."
"203069","0","Very Low","True","business","Thomas Riley Brown"
"203120","0","Very Low","True","isp","Global Telecom Group LLC"
"203320","0.0371","High","True","business","Turien en Co. Assuradeuren B.V."
"203405","0","Very Low","True","business","Lin Kai-Lun"
"203443","0","Very Low","True","business","INDERT CONNECTION LP"
"203694","0.002","Low","True","banking","Beh Pardakht Melat Co PJS"
"203706","0","Very Low","True","business","PE Livada Gennady Olexandrovich"
"203999","0.0018","Low","True","business","Geekyworks IT Solutions Pvt Ltd"
"204105","0.0039","Low","True","hosting","Paya Bastar Arina Co. Private J.S."
"204139","0","Very Low","True","hosting","NEXT GLOBAL SERVICES L.P."
"204185","0","Very Low","True","business","Yuchen Ma"
"204188","0","Very Low","True","business","ITSG Informationstechnische Servicestelle der Gesetzlichen Krankenversicherung GmbH"
"204196","0.0014","Low","True","hosting","Abelohost BV"
"204210","0","Very Low","True","business","Zeus Packaging Limited"
"204223","0","Very Low","True","hosting","Serverplance Bilisim Ve Telekomunikasyon Hizm. Ltd. Sti."
"204333","0","Very Low","True","business","Witalij Koweschnikow"
"204601","0.0013","Low","True","hosting","Zomro B.V."
"204650","0.0022","Low","True","isp","Toloe Rayaneh Loghman Educational and Cultural Co."
"204655","0","Very Low","True","business","MegaLink SRL"
"204957","0.0026","Low","True","hosting","GREEN FLOID LLC"
"204997","0.0055","Low","True","hosting","FIRST SERVER LIMITED"
"205016","0.063","High","True","business","HERN Labs AB"
"205081","0.0003","Very Low","True","hosting","EasyDataHost S.L."
"205544","0.0034","Low","True","hosting","Leaseweb UK Limited"
"205565","0.0771","High","True","isp","Base Telecommunications LLP"
"205692","0","Very Low","True","business","Webinvest Plus LLC"
"205820","0.0006","Low","True","isp","Unitary enterprise A1"
"205824","0","Very Low","True","business","IE Laguntsov Ivan Nikolaevich"
"205842","0.0003","Very Low","True","hosting","Link Web Solutions LLP"
"205848","0.0013","Low","True","business","Dominik Pohl"
"205869","0","Very Low","True","business","GASCADE Gastransport GmbH"
"205873","0","Very Low","True","isp","Daniel Zachert trading as SKYNET MULTIMEDIA"
"205884","0","Very Low","True","hosting","CONTRUST SOLUTIONS S.R.L."
"205944","0","Very Low","True","banking","ISAM FUNDS (UK) LIMITED"
"206087","0","Very Low","True","hosting","Ops One AG"
"206092","0.0938","High","True","hosting","Internet Utilities Europe and Asia Limited"
"206206","0.0019","Low","True","isp","Kurdistan Net Company for Computer and Internet Ltd."
"206352","0.0007","Low","True","business","Media Connective LLP"
"206361","0","Very Low","True","business","Tamas Drinkal"
"206469","0","Very Low","True","isp","SOLVELINE TELEKOMUNIKASYON ILETISIM HIZM.TIC.LTD.STI."
"206611","0","Very Low","True","isp","Provider for General Trading and Internet Services, LLC"
"206728","0.0137","Elevated","True","isp","Media Land LLC"
"206804","0.008","Low","True","hosting","EstNOC OY"
"206977","0.0001","Very Low","True","government","STATE SERVICE OF SPECIAL COMMUNICATION AND INFORMATION SECURITY OF THE REPUBLIC OF AZERBAIJAN"
"207088","0","Very Low","True","business","ADOARD GLOBAL REACH LLC"
"207096","0.0103","Elevated","True","hosting","Link Web Solutions LLP"
"207108","0.001","Low","True","hosting","AH CLOUD LTD"
"207155","0","Very Low","True","business","Stormnet Hosting LTD"
"207459","0.0074","Low","True","hosting","TEKNOSOS BILISIM HIZMETLERI VE TIC. LTD. STI."
"207713","0.0122","Elevated","True","business","GLOBAL INTERNET SOLUTIONS LLC"
"208161","0.0031","Low","True","hosting","Pars Shabakeh Azarakhsh LLC"
"208846","0","Very Low","True","isp","LLC ATOM3"
"209128","0","Very Low","True","business","Evresis SA"
"209242","0.0589","High","True","hosting","Cloudflare London, LLC"
"209272","0.0117","Elevated","True","hosting","Alviva Holding Limited"
"209378","0.001","Low","True","business","Inios Oy"
"209574","0","Very Low","True","business","Xiao Tan"
"209623","0","Very Low","True","business","GASCADE Gastransport GmbH"
"209723","0.0003","Very Low","True","hosting","EXPERT NETCLOUD LLP"
"209735","0","Very Low","True","hosting","Lagrange Cloud Technologies Limited"
"209737","0.002","Low","True","hosting","Meric Internet Teknolojileri A.S."
"209843","0","Very Low","True","business","LEONIX EVENTS SAS"
"210015","0.0004","Very Low","True","hosting","Interface Services LLC"
"210079","0.0012","Low","True","hosting","EuroByte LLC"
"210138","0","Very Low","True","business","Yang Hyeokjun"
"210273","0.0007","Low","True","business","Montazh Stroj Servis TOO"
"210743","0.2852","Very High","True","business","Babbar SAS"
"211590","0.0645","High","True","business","Bucklog SARL"
"211895","0.0006","Low","True","hosting","Serverius Holding B.V."
"212027","0.0315","High","True","business","PebbleHost Ltd"
"212238","0.0055","Low","True","hosting","Datacamp Limited"
"213035","0.0016","Low","True","hosting","Des Capital B.V."
"213058","0.0007","Low","True","hosting","Private Internet Hosting LTD"
"213122","0.0006","Low","True","hosting","Krixe Pte. Ltd."
"213322","0.0039","Low","True","business","Venito Reklama, UAB"
"215413","0.0029","Low","True","business","PebbleHost Ltd"
"262287","0.001","Low","True","hosting","Latitude.sh LTDA"
"262603","0.0007","Low","True","hosting","GX INTERNET E WEB HOSTING SERV DE INFORMATICA LTDA"
"262916","0.0023","Low","True","isp","Mega Cable, S.A. de C.V."
"262978","0.0002","Very Low","True","hosting","Centro de Tecnologia Armazem Datacenter Ltda."
"262990","0.0005","Very Low","True","hosting","VIRTUAL CENTER HOSTING TECNOLOGIA EIRELI"
"263032","0.0006","Low","True","isp","VERO S.A"
"263179","0.0015","Low","True","hosting","Webline Services, S.A."
"263237","0.0002","Very Low","True","hosting","PowerHost Telecom SPA"
"263735","0.004","Low","True","hosting","SOCIEDAD BUENA HOSTING, S.A."
"263740","0.0035","Low","True","isp","Corporacion Laceibanetsociety"
"263744","0.0082","Low","True","business","Udasha S.A."
"263812","0.0015","Low","True","hosting","SONDATECH S.A.S."
"263821","0.0116","Elevated","True","business","Soluciones Favorables"
"263829","0.0048","Low","True","hosting","HOST PARA TU VIDA S.A."
"267093","0.0002","Very Low","True","isp","BDCNET TELECOM"
"269853","0.0013","Low","True","isp","CBVISION S.A."
"327697","0","Very Low","True","isp","TELCO OI SAS"
"327705","0.0001","Very Low","True","","FUTA, NG"
"327813","0.0026","Low","True","hosting","VIDOLU Group Pty Ltd-Web4Africa"
"327942","0.0002","Very Low","True","education","LANDMARK UNIVERSITY OMU-ARAN"
"328035","0.0004","Very Low","True","isp","Zeta-web Nigeria Limited"
"328200","0.0008","Low","True","isp","Al Madar Al Jadeed Joint Stock Company"
"328286","0.0004","Very Low","True","isp","Libyana Mobile Phone Company JSC"
"328543","0.0007","Low","True","isp","Sun Network Company Limited"
"328608","0","Very Low","True","hosting","Africa on Cloud"
"393886","0.0029","Low","True","hosting","Leaseweb USA, Inc."
"393960","0.0009","Low","True","hosting","Host4Geeks LLC"
"394056","0.0011","Low","True","isp","BIF IV"
"394143","0","Very Low","True","business","C.O.P.S. Monitoring"
"394256","0.0015","Low","True","hosting","Tech Futures Interactive Inc."
"394330","0.0001","Very Low","True","isp","LTD Broadband LLC"
"394380","0.012","Elevated","True","hosting","Leaseweb USA, Inc."
"394474","0.006","Low","True","","WhiteLabelColo"
"394625","0.0008","Low","True","hosting","WhiteLabel IT Solutions Corp"
"394695","0.0007","Low","True","hosting","PDR"
"394727","0.0007","Low","True","hosting","Nodisto IT, LLC"
"394996","0.0002","Very Low","True","hosting","47-2339071"
"395089","0.0117","Elevated","True","hosting","Hextet Systems"
"395105","0","Very Low","True","business","Blue Yonder, Inc"
"395111","0.0004","Very Low","True","hosting","KVCHOSTING.COM LLC"
"395561","0.0005","Very Low","True","isp","Digicel St.Lucia Ltd"
"395954","0.0004","Very Low","True","hosting","Leaseweb USA, Inc."
"396190","0.0093","Elevated","True","hosting","Leaseweb USA, Inc."
"396356","0.0057","Low","True","hosting","Latitude.sh"
"396362","0.0033","Low","True","hosting","Leaseweb USA, Inc."
"396412","0","Very Low","True","business","SRS BIZ"
"396507","0.0679","High","True","business","Emerald Onion"
"396989","0","Very Low","True","business","LookingGlass Cyber Solutions Inc."
"397384","0.0024","Low","True","hosting","LaunchVPS, LLC"
"397423","0.0032","Low","True","hosting","Tier.Net Technologies LLC"
"398101","0.0013","Low","True","hosting","GoDaddy.com, LLC"
"398465","0.0008","Low","True","hosting","Rackdog, LLC"
"398779","0.0011","Low","True","hosting","Ace Host, LLC"
"398823","0.0001","Very Low","True","hosting","PEG TECH INC"
"398993","0.0001","Very Low","True","hosting","PEG TECH INC"
"399629","0.0099","Elevated","True","business","BL Networks"
